f0, f1
string, string
, 
H, F
T, R
X, C
K, A
F, N
A, F
Q, O
F, P
V, A
U, S
I, E
Y, I
C, C
W, P
U, S
N, Z
J, O
V, Q
W, P
S, B
F, H
C, G
C, H
Q, J
J, F
G, Y
Q, P
E, S
E, J
Z, Q
O, R
V, U
F, A
I, G
F, Y
W, I
R, K
X, L
G, G
O, G
P, X
K, F
Z, N
C, B
C, Q
U, S
B, J
Z, N
Z, W
A, S
R, N
G, Q
C, L
L, Y
W, G
N, E
X, W
H, Q
P, D
T, O
U, N
A, I
A, Y
W, V
H, B
W, Y
C, M
B, T
T, D
M, O
G, W
L, F
O, S
F, I
Z, Q
L, N
D, F
I, P
F, F
B, Q
F, X
W, B
G, R
F, D
Y, O
M, U
U, E
C, L
L, M
S, R
Z, C
K, I
W, G
E, L
K, H
G, Y
L, W
O, B
Z, V
Z, Y
W, E
M, F
K, B
J, Z
G, U
L, K
Y, Z
O, S
E, H
Z, P
O, T
B, P
N, W
E, Y
C, E
P, R
G, D
X, G
P, Q
K, P
N, Y
F, S
G, K
R, H
I, T
B, L
Z, Z
B, F
G, Y
W, W
J, E
V, S
P, Z
R, A
V, H
R, Y
D, D
C, O
H, P
S, F
Q, G
M, X
V, C
L, H
A, U
Q, G
T, O
L, A
B, W
X, O
V, P
D, D
I, X
U, W
X, F
G, C
U, W
K, Q
E, Y
W, Z
V, W
A, T
I, Y
U, W
V, G
U, C
W, W
F, V
L, H
U, F
A, F
I, W
Z, H
Q, K
Z, N
Y, C
Z, E
Z, G
C, L
S, I
P, N
K, O
G, S
A, Y
N, S
T, R
J, B
R, I
I, W
S, H
I, K
K, H
D, K
Y, R
X, Q
H, O
A, H
L, P
R, M
L, F
M, X
U, E
C, N
Q, I
V, T
R, F
F, A
G, M
W, B
K, Q
F, S
M, G
R, A
T, U
C, L
E, Y
N, B
G, W
L, U
R, Z
P, Y
X, P
S, N
V, O
X, T
M, G
G, Q
T, N
Q, H
C, H
H, I
O, D
G, S
S, B
K, O
K, F
K, X
P, S
W, T
J, A
J, T
W, Y
K, T
O, P
F, F
L, A
I, R
K, E
M, D
Q, A
K, O
A, Q
D, M
B, J
F, I
T, J
T, V
G, C
A, O
Z, J
Q, U
Q, T
Y, F
A, D
D, R
O, F
S, T
E, P
T, C
V, Z
C, A
I, R
Y, K
S, B
R, Q
C, U
W, P
D, Z
U, J
L, J
N, I
W, V
C, Y
Q, V
S, L
T, Z
H, V
N, M
L, T
G, W
V, C
W, G
M, P
J, A
W, E
F, U
I, W
S, H
A, Y
C, S
M, T
R, Q
M, U
C, F
R, H
P, M
N, L
T, I
S, H
G, D
F, D
N, T
E, F
M, S
Z, N
H, C
F, F
E, A
N, H
Z, O
S, D
W, M
W, O
M, L
E, B
Y, M
V, K
B, Q
B, D
O, H
Z, D
T, P
U, F
N, L
L, W
Z, H
Q, P
T, Y
F, F
R, E
E, B
A, L
P, H
G, S
S, L
R, Y
U, Q
R, Y
L, O
Q, X
V, B
E, H
T, O
H, D
R, S
Y, N
M, C
B, L
I, G
C, Z
V, O
Y, Z
R, H
B, T
M, Q
X, E
P, Q
M, C
J, I
R, W
I, S
H, Y
V, O
L, I
I, Z
K, N
Z, R
O, K
E, J
T, Q
T, F
O, Y
L, S
D, Z
P, G
E, O
O, C
Z, X
L, D
V, M
S, N
H, V
Z, G
O, J
X, N
W, W
H, U
K, Y
N, V
H, H
P, Z
M, D
O, I
O, O
L, I
E, S
O, G
U, B
T, S
V, K
R, V
Z, M
A, N
P, W
W, L
N, L
S, K
R, E
M, Z
I, S
Q, W
W, W
J, I
S, T
W, A
B, Q
X, Z
T, L
C, Q
W, L
S, X
B, U
H, J
D, N
O, U
E, C
W, Q
G, X
D, L
G, G
A, U
X, R
E, L
I, P
Q, L
G, V
F, K
M, G
O, O
Z, H
Z, R
H, O
R, T
B, P
M, X
H, U
P, J
Q, Q
R, S
R, V
Q, X
Q, I
L, P
T, C
H, T
E, D
O, Z
N, X
V, G
V, M
U, T
I, C
Z, D
Z, W
S, Z
Z, U
J, U
A, N
L, R
R, P
V, Y
C, G
A, W
O, X
F, B
V, X
H, K
D, Y
H, M
C, X
D, L
R, T
Y, K
T, E
K, C
M, K
Y, A
J, L
Y, W
C, R
O, Z
J, K
E, D
W, L
R, Q
P, A
U, G
D, O
B, T
F, F
W, I
D, X
A, W
D, D
G, E
R, A
A, U
G, I
E, B
T, N
T, M
U, N
C, N
Y, B
U, W
N, L
Z, B
M, K
R, M
X, B
C, P
B, H
Q, O
I, Z
N, L
P, C
S, W
Q, T
S, F
L, F
I, L
K, C
L, R
J, D
X, B
V, C
C, T
V, O
P, O
I, D
J, R
T, W
S, Z
P, J
P, F
R, F
C, V
J, T
O, U
V, Z
V, P
Q, A
Y, V
G, E
S, I
I, A
W, O
K, D
Q, A
T, F
K, I
J, S
U, O
C, B
E, Q
R, H
R, M
L, H
T, C
L, H
R, M
R, B
K, P
A, H
F, D
G, I
A, T
E, J
S, N
V, U
B, W
B, A
X, W
O, O
S, K
C, A
I, U
Q, V
X, C
V, G
P, N
K, I
I, I
E, N
C, N
X, J
S, V
V, G
D, F
P, T
R, E
U, M
T, T
L, Y
O, Q
Q, W
Q, D
B, L
H, H
B, N
I, L
B, V
B, W
W, P
N, M
O, U
X, L
V, Q
I, M
D, B
C, X
I, S
N, E
G, L
L, N
E, J
H, K
I, P
U, Q
B, C
R, H
S, R
X, W
I, P
D, J
Z, S
K, P
Y, I
J, U
V, R
V, T
R, N
Q, L
J, J
E, F
Y, M
F, D
C, V
C, U
V, W
A, I
T, D
J, E
V, U
V, E
L, K
R, G
L, H
T, L
N, I
V, M
V, J
Y, Z
M, H
J, N
Z, V
U, D
G, Q
W, O
C, V
W, H
T, H
X, D
L, Y
F, L
J, A
B, N
G, Z
J, A
Y, V
Q, U
D, H
V, S
D, S
L, A
C, G
V, O
S, N
C, H
H, B
K, U
L, C
X, P
A, N
G, D
L, P
G, K
R, C
Z, B
N, N
Z, O
K, M
Q, Z
G, A
U, I
T, Q
U, T
I, B
O, V
E, U
M, S
Q, V
B, U
L, H
B, F
B, Y
N, Z
O, G
T, E
J, U
W, I
D, J
X, T
X, K
Z, M
M, Y
N, U
S, C
P, V
O, I
C, R
H, P
L, R
J, B
W, J
Z, H
Z, Y
B, Q
J, U
R, Y
D, P
U, A
B, U
J, J
O, P
R, Y
J, T
O, N
K, Q
G, C
T, M
K, O
G, G
L, Z
H, X
M, D
W, L
X, L
C, R
V, I
J, B
O, X
W, S
Y, Q
U, N
D, F
D, U
A, O
J, U
O, P
C, I
Z, S
N, T
V, B
Z, Q
L, R
I, W
U, Q
E, Z
L, X
B, D
D, E
I, S
I, Y
X, V
G, Q
O, D
H, N
N, E
Y, E
R, S
P, V
O, V
A, B
Q, O
Q, T
K, Q
M, Q
H, Y
M, U
R, H
B, B
L, M
F, P
I, S
T, W
Z, D
J, O
I, M
G, G
C, H
J, P
G, W
E, I
P, I
T, M
N, M
I, A
Y, N
Z, F
J, B
M, W
R, M
N, W
L, W
S, T
J, K
O, F
O, B
N, T
H, Z
R, D
Z, K
U, I
Y, T
F, N
N, B
D, I
M, L
P, N
I, P
E, Z
T, H
I, V
N, S
H, V
J, R
Z, P
U, S
R, A
M, Z
U, U
P, S
P, E
Q, Q
V, D
R, A
Y, C
A, I
D, R
K, U
X, W
T, B
D, F
I, R
N, I
E, X
I, J
U, S
Q, S
P, E
G, O
F, Z
H, H
F, S
I, J
Y, U
H, D
R, J
Z, V
Y, U
H, H
S, J
L, G
M, F
O, Y
S, D
Q, P
G, R
N, Q
B, K
S, C
U, A
O, Y
K, Y
W, M
F, Z
I, Q
X, C
O, N
S, Y
X, E
W, E
X, Z
K, M
Y, Z
Y, W
A, O
C, Z
H, Z
O, M
Y, W
M, F
C, E
L, G
E, T
U, O
T, E
W, X
V, N
C, R
E, D
I, G
G, G
T, Y
H, S
A, Q
S, B
D, H
K, N
X, S
I, D
X, H
P, F
D, D
T, P
K, O
M, N
R, F
G, T
W, C
L, S
C, O
B, O
N, O
D, I
N, D
F, P
C, N
V, L
N, L
B, M
U, S
K, V
T, P
B, I
B, Z
Y, B
Y, A
K, T
T, Z
Q, K
Z, J
W, X
J, R
R, O
Q, J
E, N
N, S
F, A
A, H
R, O
N, V
G, J
H, Y
S, C
V, K
T, W
A, F
C, A
P, S
B, T
K, G
F, W
B, N
H, V
T, I
P, R
I, H
D, R
F, H
B, Y
W, X
Q, L
M, Z
Y, R
U, I
K, D
J, T
M, W
H, S
U, X
O, Z
O, D
G, F
Q, X
W, C
S, E
G, R
P, W
E, T
S, O
M, W
I, Y
A, Y
Z, D
Z, M
G, P
F, X
O, U
J, N
J, G
N, M
C, Z
M, V
X, J
K, O
F, D
G, Y
P, K
D, I
J, V
M, R
R, G
V, Z
Q, M
E, U
E, S
M, X
O, Q
B, A
W, Y
R, T
K, V
G, S
A, N
J, Q
R, Q
M, M
A, O
A, N
H, Z
A, V
R, U
X, C
C, D
E, N
V, G
K, J
K, O
Z, F
R, W
Q, W
T, C
J, O
B, A
E, M
L, U
O, W
C, N
B, F
W, X
M, B
B, Y
X, O
A, Y
I, Y
P, T
S, K
C, E
G, V
K, X
I, T
D, Z
S, N
Z, B
L, V
I, T
Y, K
U, A
H, Z
M, J
Y, L
R, R
C, Q
U, S
C, E
S, Q
T, I
C, A
I, J
H, D
E, L
O, K
A, J
C, P
I, K
H, K
C, X
X, Z
O, E
J, D
H, M
B, L
K, M
B, G
G, Q
P, F
C, H
Y, I
Q, U
I, I
V, W
Z, D
I, Y
F, I
Z, Z
H, S
M, O
G, J
V, K
C, O
P, O
R, O
Y, M
S, L
H, S
V, U
K, M
Q, G
R, S
U, B
Z, M
K, N
X, R
O, U
J, X
N, Q
C, T
R, J
Q, B
Z, R
K, T
Z, L
A, G
N, N
P, O
L, K
U, P
N, I
A, C
K, Z
D, Y
D, I
L, F
M, M
L, S
I, H
V, C
W, Q
R, E
Z, G
E, E
O, Y
G, K
E, Q
L, A
P, F
P, K
S, F
T, V
B, C
W, E
I, L
G, W
N, Q
P, P
P, J
V, Q
V, S
H, P
C, D
D, H
E, S
N, K
D, J
E, Q
S, Q
Z, O
M, D
I, L
B, J
A, D
V, Z
N, M
R, K
V, M
C, A
T, H
H, N
E, L
T, T
O, C
C, U
V, J
V, B
S, O
Z, C
V, T
H, Z
L, J
V, L
Z, U
G, V
P, J
S, Q
E, D
F, F
B, J
H, O
I, S
H, G
W, Z
R, C
Z, U
X, Z
W, D
W, G
S, V
T, R
M, P
G, K
L, Q
W, C
N, H
Y, J
Y, I
A, U
T, T
L, R
J, B
N, F
L, F
G, V
I, P
O, M
I, R
B, C
U, L
D, W
L, A
Y, F
R, D
Q, E
Y, H
R, G
J, X
E, K
H, S
G, R
S, A
M, D
F, R
A, S
V, Z
K, D
B, J
S, C
I, W
D, U
T, D
Z, D
N, A
Q, L
S, Q
D, K
R, W
C, C
T, P
J, Z
I, D
H, C
O, P
P, U
R, W
R, H
N, N
T, H
B, X
Y, M
C, M
P, N
Z, Z
Y, D
W, O
J, R
T, Y
U, A
B, G
B, B
U, N
Q, N
K, S
C, N
Q, H
I, N
F, V
N, K
Q, V
R, B
S, S
W, B
C, L
L, P
I, T
T, D
S, S
E, Y
N, U
S, E
D, U
G, X
U, A
U, H
B, S
O, C
L, J
M, O
J, G
C, O
S, F
N, B
W, G
M, J
D, Y
W, O
X, T
K, I
K, S
H, C
J, N
X, E
U, Z
Y, B
M, H
V, I
O, A
F, O
H, Q
M, P
M, U
F, X
T, G
A, K
G, J
V, W
Y, A
R, W
S, C
N, G
M, B
Z, S
C, X
X, N
S, J
Z, C
C, D
V, B
O, L
Z, G
G, I
U, S
T, I
H, B
F, U
P, E
E, M
K, N
Z, F
I, G
D, E
R, V
S, B
V, I
C, G
J, N
R, G
Z, A
K, L
T, G
M, U
D, A
V, Z
D, V
J, Q
Q, P
G, V
A, B
X, L
D, X
V, I
B, L
E, O
V, K
A, R
E, F
E, H
W, A
Q, G
H, K
O, B
H, D
F, X
N, Q
U, U
Z, U
J, O
M, X
N, K
E, I
F, X
U, B
Z, N
T, Z
Z, C
R, G
V, X
B, Z
F, W
U, J
V, V
E, P
U, S
X, A
S, Y
O, O
E, Z
W, M
I, M
C, G
F, N
A, X
F, D
S, X
V, I
A, P
X, U
W, W
Y, J
Y, K
C, H
D, E
Y, U
Y, Q
E, Z
S, Y
U, F
P, E
H, R
D, S
Y, Y
K, Z
Z, A
P, X
Z, F
O, Y
D, T
G, Z
E, X
C, S
Q, X
L, G
G, B
G, C
A, K
T, Z
W, M
J, O
C, M
W, Q
R, E
B, V
H, I
Y, B
E, J
T, O
X, C
P, P
M, A
Y, E
X, E
C, F
E, S
S, S
G, H
G, B
O, V
D, J
L, H
R, P
F, A
E, H
C, V
I, K
M, R
C, O
E, X
J, L
G, M
F, G
B, T
R, C
I, O
Z, P
O, V
V, K
N, W
M, W
M, C
X, S
N, X
U, R
Q, D
T, E
Z, Z
V, D
L, Z
L, Z
Q, V
G, X
X, B
K, K
I, H
L, W
U, Q
N, K
K, D
P, T
Y, Y
O, C
H, N
I, K
J, M
P, A
H, D
P, S
B, X
I, G
T, X
X, A
V, H
H, M
S, C
W, D
Z, L
V, H
K, Q
E, F
V, T
T, W
V, N
E, I
N, D
W, W
A, F
V, V
G, L
X, S
H, V
N, Q
D, A
J, P
E, W
P, J
E, X
T, R
H, K
E, O
Z, W
Q, R
G, K
A, U
T, A
X, Q
P, A
G, U
H, Z
Q, L
J, J
G, M
R, V
K, C
N, R
V, J
Q, P
H, C
B, Z
Q, W
G, S
X, H
D, T
X, U
U, P
R, R
S, R
Z, G
K, K
A, S
O, E
S, F
N, U
X, R
N, V
V, W
E, C
D, G
V, T
E, R
I, C
J, T
H, U
I, G
H, W
M, W
P, Y
B, X
N, W
J, H
B, W
D, F
K, O
X, L
I, S
U, M
Q, E
Q, A
H, T
E, T
M, T
C, P
Q, K
Z, J
A, F
J, A
I, V
E, R
Q, G
S, I
D, J
P, E
V, H
H, S
P, I
X, Z
I, X
J, E
Y, X
K, F
S, D
T, P
E, J
Q, A
W, G
N, B
Z, R
Q, A
R, K
J, O
M, D
S, Q
H, R
R, H
P, D
V, C
S, D
C, C
F, F
G, N
F, S
H, B
M, F
Y, I
A, R
X, V
R, D
C, N
S, C
G, G
Z, H
M, C
E, B
H, U
I, T
C, T
B, W
R, E
J, L
Q, W
C, V
E, K
Z, H
K, W
U, Q
U, C
S, B
Y, E
K, P
U, R
E, J
J, A
R, V
Z, D
X, C
K, B
G, I
S, R
T, O
O, Z
R, I
N, S
C, R
G, I
R, K
V, O
Z, B
Q, E
W, W
W, B
M, G
Z, B
F, Q
K, G
L, U
L, W
L, D
M, Q
C, K
O, A
C, P
Q, H
N, F
R, Y
J, B
F, L
O, Q
M, R
S, C
T, F
I, V
Z, H
N, S
B, E
D, S
S, C
P, E
Y, K
L, U
S, C
K, Y
V, P
U, L
R, Y
D, M
N, B
Y, V
M, N
X, E
P, S
D, K
P, W
N, K
Z, X
T, H
Z, Z
L, D
K, S
T, H
S, W
S, Y
Q, F
Q, H
I, R
Z, Q
Y, N
S, I
D, J
M, O
R, K
T, V
H, W
V, N
A, D
R, F
T, E
H, G
V, R
H, T
A, V
C, W
T, W
T, O
G, U
U, H
R, Y
K, Y
Z, I
O, A
G, Q
U, W
V, X
S, Q
T, O
P, U
Z, H
E, R
E, E
N, J
L, O
D, P
G, I
S, E
D, I
B, Y
Q, R
M, O
J, U
I, F
E, B
N, K
N, C
F, F
I, J
F, T
N, Z
V, Z
A, R
L, X
P, Q
Y, R
I, X
Y, K
O, H
X, V
J, U
L, B
X, F
N, Y
E, Y
N, A
B, R
U, W
L, C
N, S
Z, U
Q, Y
T, D
L, I
C, B
U, O
O, F
G, K
Q, L
A, R
N, Q
Q, T
P, S
B, Y
C, U
H, C
T, L
K, R
M, N
D, K
U, O
Y, D
R, X
U, S
J, Y
O, O
D, A
P, N
Y, H
T, X
I, K
Q, N
E, F
V, F
E, U
W, W
Y, Z
L, O
H, B
C, S
M, I
D, R
C, Q
X, I
L, Q
H, P
O, J
I, L
A, G
F, T
L, V
D, T
W, M
J, H
O, E
P, V
W, D
O, G
X, B
B, A
N, A
P, K
P, X
O, O
Z, M
U, J
F, U
T, H
M, N
K, N
R, W
U, P
E, N
L, E
Y, R
Z, T
M, J
F, M
B, J
B, F
X, J
M, L
B, Z
I, S
N, V
V, G
O, E
Q, J
Q, V
N, J
X, N
J, W
M, M
P, N
D, E
C, Q
F, E
J, S
D, F
V, S
M, M
F, E
V, A
B, O
E, Q
B, O
B, G
E, Y
P, O
A, S
R, H
C, L
Z, W
E, V
P, U
V, E
R, G
S, I
L, P
F, K
C, F
W, N
K, D
C, M
P, B
U, N
D, M
D, P
V, X
U, Q
N, J
B, N
F, U
U, J
P, T
T, S
C, D
M, G
W, H
W, K
E, S
U, P
D, A
R, R
I, J
E, Q
G, W
L, J
H, R
T, K
U, M
J, O
G, H
I, S
T, W
R, T
L, S
E, F
K, I
O, S
S, E
Z, A
C, D
Y, L
B, F
C, A
J, Z
P, N
S, P
Y, V
Q, L
F, R
U, H
A, P
N, G
E, A
G, A
E, Z
U, J
K, P
N, T
B, C
H, V
X, J
Z, H
P, F
Y, O
G, K
C, B
H, Y
U, Y
W, V
O, S
Z, O
U, T
Y, L
L, P
A, D
B, Q
Z, R
F, I
Y, N
A, V
G, C
R, V
B, Y
M, J
X, G
Y, R
X, M
F, T
W, F
F, G
Q, E
C, X
R, R
P, T
O, B
M, Q
M, Z
X, W
M, Z
X, H
F, O
B, U
M, O
N, K
R, E
Z, S
L, R
A, F
P, I
P, G
O, G
M, P
J, M
F, S
J, W
H, E
D, O
F, C
H, G
L, J
D, Y
D, U
E, M
Z, W
N, S
U, H
O, O
K, R
B, V
M, Q
L, I
J, O
Y, G
A, D
W, Z
F, O
Q, E
U, J
R, M
T, X
J, H
Q, D
E, V
I, Q
O, W
B, E
F, I
H, G
Q, H
L, W
J, P
Z, K
E, A
S, R
Y, S
C, E
C, B
W, O
A, K
T, C
G, E
R, X
I, G
H, Q
D, V
A, R
W, I
M, Z
O, H
L, Z
S, E
P, Q
Q, O
N, Q
I, J
O, U
L, J
G, H
A, V
W, I
M, A
X, Y
M, A
L, H
G, A
J, K
O, K
E, T
K, J
G, K
G, T
X, U
R, H
T, V
K, W
E, H
Q, Q
H, Q
E, A
B, N
E, C
G, S
S, G
D, M
I, I
U, Z
M, U
I, V
Y, B
U, B
M, E
V, V
V, D
T, G
U, L
T, A
L, U
N, Z
M, R
I, I
Q, B
Y, N
G, Q
F, X
W, F
C, Q
I, E
H, D
U, A
B, U
M, P
J, C
E, C
Q, Y
Z, Q
B, Q
S, U
D, G
Z, U
T, U
L, F
R, J
D, X
M, L
H, S
E, E
J, T
H, V
X, O
B, E
H, G
J, A
Q, J
E, A
W, U
G, S
R, O
K, N
M, O
P, I
Q, C
N, B
V, D
W, F
M, C
O, V
R, N
S, G
J, P
B, Y
F, M
X, C
U, B
O, Y
K, J
S, V
G, B
B, H
Y, Y
C, S
N, E
N, G
Q, E
T, K
C, Q
J, L
R, W
E, E
K, I
E, Z
L, J
I, Z
I, J
T, L
S, P
O, F
T, Y
G, Z
L, K
S, Z
P, N
Z, H
H, F
W, A
V, R
H, O
O, Y
E, A
J, D
J, P
G, V
C, K
X, T
S, U
E, V
R, O
X, P
H, T
O, C
B, U
J, V
K, W
W, F
Q, P
A, U
J, H
B, O
D, N
F, B
T, K
L, P
N, F
H, K
D, C
O, B
K, C
N, U
D, D
O, M
Q, F
Q, T
G, B
U, I
Y, C
R, L
J, I
P, A
H, Z
Q, Z
L, D
B, V
F, J
T, W
C, B
Y, Y
W, V
A, S
C, L
A, F
N, F
N, G
M, S
D, S
A, P
R, B
E, H
U, Q
B, R
A, K
H, W
R, W
A, W
Q, G
J, Z
C, I
W, N
E, N
L, Y
A, G
N, I
K, E
J, J
Q, G
Z, N
V, Q
W, X
V, A
O, H
D, X
R, C
J, Y
P, Q
F, G
D, Z
X, I
O, F
D, O
U, W
I, S
N, D
Z, Z
D, Y
X, I
O, Y
D, I
W, S
T, W
K, K
L, Y
X, Y
H, U
C, E
T, P
G, O
G, G
R, J
R, M
N, P
S, J
W, M
D, F
A, T
A, H
K, T
Z, T
B, Y
Z, W
M, I
L, G
K, B
T, J
I, P
T, P
N, W
U, N
L, V
B, Z
N, K
T, O
N, Q
B, H
K, H
V, L
K, P
B, N
D, V
L, S
C, U
Y, S
D, K
L, E
P, S
F, L
G, R
X, U
S, D
C, L
J, N
J, U
N, Y
J, J
T, X
O, R
D, W
E, S
K, I
T, L
Q, D
D, F
Q, G
L, W
O, A
W, G
P, M
K, C
P, G
O, Q
O, V
B, D
Q, A
W, R
V, H
X, B
K, E
R, P
R, P
U, E
L, P
Y, C
H, J
J, B
L, O
H, D
S, H
N, N
S, P
C, S
Q, Z
M, R
Y, Z
H, P
I, N
Z, J
D, O
N, Q
M, E
P, S
Z, A
A, Q
D, W
U, Z
K, I
O, Q
A, F
H, U
I, N
I, A
R, I
S, Q
A, E
I, I
R, X
U, Q
M, Q
X, N
I, U
K, T
V, H
S, I
N, F
R, U
X, J
Z, H
A, Z
Q, V
O, K
P, W
T, S
I, A
K, M
G, L
Y, F
H, C
U, U
X, L
A, M
N, E
Y, T
N, U
D, W
V, Y
R, D
S, L
S, N
A, Y
R, P
C, M
B, N
R, I
P, I
X, I
F, H
I, L
D, D
H, A
Q, N
F, J
I, D
S, H
G, B
P, I
L, D
M, R
C, B
L, E
P, P
V, S
Q, I
V, S
R, N
Z, T
M, D
V, X
M, L
R, S
M, G
F, W
Q, X
K, S
R, U
W, L
A, M
J, L
E, T
P, D
C, V
U, I
Q, U
N, K
K, Q
O, Z
J, I
V, P
U, L
U, O
G, R
C, Y
O, M
P, M
O, V
E, Y
B, C
V, U
J, M
R, C
V, X
X, Q
A, D
D, N
K, P
F, R
I, O
X, H
Y, L
Z, I
C, A
Z, K
D, H
J, O
B, S
V, J
W, W
G, S
K, I
J, J
O, R
M, E
J, Y
V, E
Z, R
D, B
A, S
M, L
Z, C
Q, K
L, U
P, L
E, N
O, L
J, E
P, P
W, G
N, K
O, J
Z, O
S, C
M, R
D, T
Z, Z
U, M
C, X
C, M
T, Y
C, Q
U, I
B, I
U, M
N, M
T, K
Y, U
H, A
X, T
S, O
B, M
E, B
Z, V
Q, H
C, N
W, H
D, H
W, A
C, E
P, D
L, V
G, S
M, U
W, I
C, D
Y, E
M, Z
U, G
L, Q
F, T
I, Q
T, D
E, K
H, T
T, N
J, S
M, D
W, A
Y, L
R, Z
R, B
X, Q
Y, L
X, W
I, G
C, R
K, U
T, T
P, F
I, R
E, O
R, V
A, C
C, L
F, H
F, A
C, Y
R, V
Y, Q
S, D
W, D
R, X
O, Z
X, S
G, M
Y, Q
X, H
L, X
U, I
E, B
U, J
I, B
Y, G
L, M
Y, P
E, M
D, T
F, Q
X, S
C, B
O, G
L, X
D, Q
Y, R
G, S
X, O
N, Y
M, L
V, U
U, O
A, Y
V, M
O, Y
J, R
K, Q
Y, C
N, Y
C, L
T, Q
E, B
J, E
S, X
Q, J
C, Q
T, D
F, S
P, M
B, O
I, N
V, L
Z, A
B, U
B, D
U, R
L, R
W, D
P, Y
A, D
Q, M
X, B
S, D
E, B
H, U
L, E
P, V
C, M
U, F
U, L
V, Z
R, I
Z, O
D, V
U, T
P, I
D, D
K, S
O, L
Y, B
C, W
P, U
A, M
A, E
C, Q
X, K
U, U
S, F
Q, N
K, Y
P, A
E, M
Y, Q
U, J
A, G
D, N
C, J
T, O
F, U
R, H
F, U
R, Z
M, E
R, B
Q, H
L, I
U, T
B, T
Y, E
U, M
D, X
S, P
I, F
R, I
U, I
C, T
W, J
F, M
M, X
D, Y
L, K
D, S
Q, Z
F, D
R, B
D, W
L, E
I, X
P, U
Q, P
E, Z
W, C
W, M
Z, P
V, H
S, T
G, I
P, X
P, D
O, A
Z, B
M, T
A, N
M, U
V, L
G, O
A, T
Y, D
H, Q
C, M
H, S
W, T
A, L
U, W
K, U
J, M
Q, W
B, X
I, A
L, H
Y, O
U, U
C, W
T, B
Y, R
X, C
J, Q
J, E
O, B
S, F
Z, G
C, M
Y, P
Y, F
T, F
J, G
R, H
B, I
M, N
D, S
R, N
H, Q
U, Y
V, Y
B, X
L, C
X, H
Y, C
H, S
M, W
N, Q
H, Z
O, D
J, L
Q, H
B, W
G, Y
Q, K
I, Q
I, P
S, V
L, H
D, U
E, G
M, Z
U, B
J, L
E, Y
S, H
Z, V
S, R
D, G
B, I
D, G
E, O
A, I
I, J
O, E
H, X
K, M
D, L
I, A
T, Z
I, S
M, H
Y, Z
O, D
O, X
L, R
T, X
D, O
I, K
V, L
C, B
Q, P
F, Y
H, A
N, L
R, C
N, F
I, P
Y, X
J, D
W, J
J, H
J, Z
W, C
S, L
Z, U
H, U
Z, L
X, D
P, C
F, M
W, Z
B, Y
T, C
K, X
K, O
S, T
D, E
J, O
B, V
V, H
O, M
A, A
G, Y
V, M
Q, X
K, M
R, G
D, H
Z, B
T, P
O, W
Q, M
S, D
N, O
V, E
B, I
W, D
E, H
K, X
J, H
N, Y
N, T
E, C
T, O
W, V
R, H
R, R
C, P
V, A
N, J
M, I
X, C
E, F
E, X
P, V
N, N
O, T
C, L
B, V
Y, M
I, J
V, X
P, T
I, S
A, V
F, W
D, F
D, D
C, R
U, C
U, T
B, C
U, N
B, D
G, B
R, T
U, X
F, X
E, J
C, V
Y, Y
J, E
N, S
G, O
C, P
A, F
E, H
X, N
Z, C
F, N
S, J
P, L
Y, E
J, J
F, F
C, Z
D, C
D, T
S, O
B, I
D, H
P, I
Z, L
O, H
W, E
B, V
M, R
E, Z
M, C
L, R
C, D
K, P
C, Y
Z, B
Z, I
P, Z
D, V
S, H
S, P
H, U
Q, K
M, P
K, M
H, T
C, G
M, Q
D, C
B, B
R, Z
J, R
D, Q
C, B
T, T
U, F
R, M
G, I
W, O
Y, A
L, X
J, I
J, L
A, O
W, H
S, M
D, S
M, C
R, R
R, O
M, W
N, K
M, Z
Q, J
Z, I
A, B
V, J
T, A
X, I
C, I
J, J
R, G
Q, P
X, B
H, I
A, I
L, W
O, X
G, S
P, Z
J, K
O, V
C, R
I, N
T, I
P, J
L, M
W, U
V, N
H, B
Z, K
F, T
C, V
C, I
B, U
M, F
U, Q
H, U
L, O
F, K
Q, L
T, E
A, S
W, O
F, Z
T, M
Y, N
P, T
L, O
Q, N
J, D
D, R
H, L
I, V
B, F
K, V
Q, G
P, K
C, E
G, V
M, O
L, Q
A, E
D, G
U, R
E, W
Z, M
A, W
C, P
W, X
K, J
R, C
Y, S
D, C
T, Y
N, V
Y, Y
G, W
G, D
U, I
P, K
T, G
K, D
E, Z
L, G
P, M
J, Y
I, L
R, Z
W, Y
J, S
V, A
Z, P
V, R
Y, R
U, G
O, I
Y, J
V, D
W, W
K, X
K, Z
G, C
V, G
F, X
X, Q
W, T
K, A
W, V
Y, M
K, V
S, W
V, V
S, N
J, P
V, T
L, A
B, Q
Q, U
D, K
Q, I
C, E
N, Z
V, T
W, R
U, I
M, T
G, R
V, U
F, K
E, W
Y, W
F, Y
Y, Q
Q, X
Z, F
S, E
K, L
G, C
J, Y
D, S
L, X
L, R
D, S
E, W
U, H
M, D
W, P
Z, H
R, K
K, D
H, G
Q, X
J, R
L, A
D, I
S, R
S, S
T, G
C, B
I, G
X, Z
Y, Z
P, T
B, G
Q, H
K, J
Z, O
P, G
N, Y
W, D
I, N
D, D
B, D
W, V
T, Y
H, W
P, T
G, I
X, I
Z, T
D, W
R, U
B, D
F, A
G, S
L, Z
Y, B
J, S
M, M
V, W
D, C
W, E
E, N
H, X
P, P
Z, N
O, K
B, T
R, X
A, R
R, K
P, Y
V, D
C, V
R, L
Y, P
A, Z
R, Y
I, T
T, Y
O, F
B, Q
I, B
B, Y
J, K
E, Z
W, C
W, E
U, H
T, R
D, M
L, U
I, R
D, R
V, N
M, X
M, O
K, T
V, P
L, L
B, I
M, F
R, E
M, Q
N, H
L, X
M, D
D, X
V, N
H, B
B, B
C, L
C, R
O, G
G, C
N, C
R, E
E, K
C, W
H, P
L, R
Q, G
Z, W
E, E
T, P
W, C
N, A
D, E
M, R
W, Z
P, M
Q, Z
J, R
R, K
H, D
A, C
A, Z
W, F
Q, Q
L, Q
U, E
H, M
M, A
E, D
S, Z
M, W
P, F
O, V
B, A
Q, S
Z, W
T, P
O, H
M, M
P, P
R, V
M, S
N, K
I, B
X, K
M, M
Y, J
S, A
H, E
I, G
F, X
I, P
V, R
D, H
S, Y
V, R
T, U
U, V
Q, H
T, R
D, F
P, C
K, Z
H, F
B, A
W, J
E, V
X, A
B, L
Q, D
F, G
I, J
B, W
G, D
R, N
R, S
Y, L
L, V
C, C
P, U
Y, V
B, C
Q, W
X, E
H, L
N, T
C, Q
I, D
W, L
K, T
G, V
I, N
C, J
T, J
R, D
T, K
F, U
K, K
L, W
U, J
A, D
A, U
Y, C
I, Z
E, B
T, R
Q, X
B, Q
S, R
N, H
K, R
O, H
T, X
A, H
N, X
S, L
F, O
U, Q
S, X
U, S
F, H
A, I
S, T
D, Z
H, C
O, N
T, E
A, U
P, G
U, S
Z, C
B, J
Q, J
B, Q
D, H
T, L
Z, U
Z, O
X, Q
N, P
J, H
U, S
R, S
N, G
I, P
V, J
C, S
V, C
B, X
M, L
J, N
P, N
K, G
M, L
L, Y
M, Z
V, D
D, S
D, S
W, D
F, M
T, Y
J, Y
P, K
D, O
B, D
J, Z
H, M
U, D
P, B
X, X
F, V
M, D
J, W
K, O
O, X
U, M
S, P
T, N
L, L
L, W
I, U
R, K
G, K
O, Y
X, T
Q, W
S, O
U, S
O, D
O, F
Q, O
B, O
E, M
X, D
Y, E
A, U
G, S
X, L
U, P
K, B
W, A
L, K
W, I
G, C
C, E
D, G
C, H
K, E
P, I
A, B
K, I
K, I
J, V
D, F
T, P
M, T
K, C
B, M
K, M
K, G
X, G
Z, R
G, O
U, H
K, C
Q, F
Z, J
Z, U
N, L
X, L
A, M
V, H
Z, A
Y, M
P, V
J, J
Q, P
N, B
T, O
H, K
D, D
O, H
L, P
Y, I
R, I
G, T
L, G
Z, I
L, P
A, R
Q, A
M, X
R, K
X, S
T, N
U, Q
C, A
V, R
R, J
V, V
J, E
T, S
A, M
Y, L
F, A
H, X
J, C
P, H
S, G
M, J
H, X
S, F
F, V
K, W
O, M
O, R
O, R
O, B
D, B
G, O
F, N
U, E
R, Z
S, N
G, O
L, Y
Q, Y
B, Y
L, Z
H, R
M, J
T, W
F, H
K, L
A, F
C, O
A, T
Z, L
B, G
E, I
Q, C
M, V
P, Q
I, G
C, G
I, B
I, U
Y, U
Q, T
Q, P
C, B
A, I
W, B
D, X
L, H
Q, B
R, O
H, J
C, T
G, P
R, A
J, U
W, Q
I, Y
U, L
I, F
C, P
B, U
F, O
Q, G
K, S
L, G
U, B
I, L
Y, T
I, X
U, D
I, I
J, A
P, R
B, N
V, W
K, F
F, X
U, I
R, S
Z, P
I, P
Z, Q
K, E
L, U
B, F
A, F
F, Q
G, T
Y, I
T, F
E, Z
J, B
A, C
H, F
P, T
B, A
F, E
X, S
I, O
E, A
V, X
A, R
J, U
C, Y
H, G
V, R
Y, Z
Z, W
W, B
D, Y
U, E
J, J
P, Z
G, B
Q, E
N, U
I, B
U, W
W, Z
X, F
C, M
R, B
N, T
Q, N
M, M
I, J
S, S
M, G
K, X
P, A
F, F
W, K
H, X
O, Y
J, O
D, C
L, J
P, M
Q, L
M, K
U, I
J, E
G, Q
J, C
V, N
Q, U
Y, C
B, A
F, F
I, H
V, R
H, S
Z, Z
T, T
X, A
H, V
U, S
K, P
R, M
N, T
D, K
F, T
M, N
U, T
S, L
U, I
E, U
S, F
L, O
J, P
D, Y
A, V
V, I
K, R
K, U
N, I
A, U
X, D
Y, I
Q, P
P, W
Z, F
K, N
E, C
O, L
X, C
C, O
A, R
M, E
B, Z
H, G
R, B
B, N
E, W
K, E
C, N
M, B
Y, W
D, F
L, S
M, P
Y, P
N, R
H, A
D, B
K, U
N, X
W, L
O, T
H, W
L, S
S, H
P, V
E, G
X, T
L, X
E, O
K, Y
G, W
H, Q
H, X
S, S
F, M
Z, O
Z, B
C, T
I, L
G, N
M, B
S, T
J, T
W, K
A, C
X, I
T, M
B, O
G, Y
D, V
V, E
A, C
H, N
K, C
T, R
D, J
F, A
R, F
S, V
V, Q
S, X
K, I
B, A
U, T
Y, J
G, C
K, Z
I, E
R, F
W, U
V, E
E, K
C, I
O, E
F, O
Y, D
F, J
E, K
I, K
L, B
V, Q
J, B
F, H
P, Z
C, N
Z, W
E, Y
P, Z
S, R
Z, S
I, Q
W, I
W, M
I, P
P, J
Q, G
P, Z
G, Q
X, I
T, T
Q, B
J, H
D, F
A, Y
P, Y
T, I
H, Q
T, N
Z, Q
H, A
W, I
G, O
X, R
G, R
S, P
J, I
L, A
W, B
F, Q
D, F
C, P
V, Y
G, C
S, I
S, G
E, G
H, L
Q, H
U, C
Z, K
E, L
N, T
T, V
U, A
J, W
T, X
P, D
S, G
M, L
J, P
B, D
M, E
E, A
N, S
M, Y
Y, Z
J, M
Q, P
K, B
X, K
O, F
L, G
X, S
N, M
R, S
Q, Y
T, G
A, V
Q, R
S, Q
G, L
R, G
P, Y
V, A
U, Q
X, K
P, X
N, E
K, V
G, H
Z, R
J, I
K, W
S, C
Q, U
I, D
T, Y
K, I
Z, V
A, B
S, N
R, T
E, J
S, F
E, Y
L, V
E, B
E, T
G, X
K, Q
Q, W
E, H
J, H
I, P
M, R
C, B
T, A
P, Z
C, N
A, P
Z, T
Y, M
I, L
J, X
Z, V
Y, R
J, B
J, I
C, L
S, S
X, D
P, W
H, S
V, J
Q, R
M, K
E, Z
Y, V
A, J
B, U
I, L
P, K
P, C
L, Y
Y, Z
W, X
T, H
F, D
N, O
W, N
D, U
H, R
O, W
E, L
D, R
G, F
T, R
C, L
S, E
Y, X
T, F
G, M
X, D
D, N
S, C
R, W
Y, T
P, Q
J, S
T, J
Q, O
W, V
F, D
C, C
T, Y
T, D
J, W
Y, O
A, B
N, W
Z, I
J, R
U, N
P, F
K, N
L, D
Y, V
M, L
P, D
R, U
S, P
I, Z
D, Z
S, M
V, M
S, J
Z, I
V, F
T, V
S, B
W, E
M, K
Z, R
W, Z
O, I
R, Z
T, K
N, H
S, F
W, K
D, T
P, U
W, S
L, E
D, S
H, D
F, T
T, A
S, O
R, Z
D, Y
L, V
Y, C
Z, E
B, Z
Q, P
Z, Q
K, A
G, M
R, Y
Q, J
R, U
R, U
W, Q
H, Q
J, D
C, M
R, N
A, O
O, H
T, U
E, M
Q, L
O, C
B, X
U, E
V, A
O, N
V, M
N, P
S, U
D, T
Z, X
E, P
E, O
U, D
D, F
E, O
W, A
Z, N
J, O
K, Y
A, H
Y, N
U, R
L, P
S, N
Z, J
N, F
C, V
G, E
H, V
Y, P
F, J
D, Q
B, G
J, X
K, C
G, L
S, N
B, T
Z, S
F, J
R, V
P, K
D, Z
L, A
P, C
D, C
O, B
Q, J
I, H
W, F
A, J
Z, J
C, Y
E, S
H, V
M, N
S, W
O, P
X, E
Y, K
I, T
Z, N
P, W
M, D
A, N
E, D
J, T
B, S
Z, S
G, P
S, E
Z, U
N, H
L, Y
W, V
H, W
Y, K
I, C
C, S
Y, E
B, T
O, M
W, Z
L, N
T, M
N, Z
X, S
K, Q
X, T
S, S
T, G
T, Y
V, W
N, P
P, Z
R, W
N, F
B, V
N, Y
K, J
J, C
X, G
O, T
D, H
H, F
T, O
F, H
Y, Q
V, A
M, Q
M, J
Q, I
J, A
X, E
J, C
M, C
N, D
D, M
E, R
F, K
H, L
E, V
C, L
V, E
J, L
J, W
F, E
B, K
T, X
E, F
M, R
G, K
O, U
S, I
T, W
N, Y
V, K
C, C
A, E
N, T
G, R
I, Z
T, L
H, M
T, G
D, N
G, T
W, Z
G, V
F, S
V, S
N, E
Z, P
Q, F
D, A
Z, Y
L, Q
C, B
K, H
Q, G
I, M
N, Q
H, H
H, J
K, I
B, B
B, T
F, M
X, C
E, Y
J, H
C, A
O, W
I, T
J, U
N, J
Q, F
J, X
D, T
D, P
X, R
E, S
Y, B
O, I
S, Z
F, S
B, E
O, G
W, W
X, Z
X, L
S, X
B, K
Y, N
A, P
S, D
B, O
U, S
T, K
R, W
Z, E
T, J
U, S
H, E
E, F
S, W
U, L
S, N
H, F
S, O
E, B
G, B
D, W
Y, H
U, Q
G, V
N, A
J, P
J, C
S, O
S, K
P, I
B, V
V, F
Z, E
Z, N
Z, U
U, C
T, J
Q, W
Q, O
V, F
G, P
V, T
E, G
S, J
X, C
E, E
W, E
M, S
Q, A
E, E
K, P
B, B
G, X
Z, C
N, S
V, P
J, A
V, T
Q, B
G, C
D, Q
A, Z
Y, C
T, I
S, F
M, O
L, E
I, E
B, R
Q, D
V, C
H, N
V, D
X, A
L, D
R, F
W, K
W, V
C, E
C, C
Y, J
Q, D
Y, X
X, P
E, N
P, R
D, R
H, V
J, C
X, R
Y, V
S, B
A, Y
D, R
I, K
S, U
M, B
P, Y
H, C
Z, E
K, I
L, S
K, U
I, U
R, G
K, M
N, N
V, K
P, K
P, S
T, S
G, A
Z, A
O, Y
X, B
J, W
W, V
H, D
W, Z
X, G
V, B
D, Z
S, J
A, Z
J, S
R, B
V, W
A, J
C, C
O, V
D, E
T, T
S, H
K, I
U, S
H, E
W, A
T, N
A, V
R, W
O, V
X, N
S, L
E, Z
N, Z
D, F
Q, F
E, T
O, V
V, M
I, Q
V, E
U, Q
F, C
C, P
W, A
H, O
B, P
T, I
O, Q
A, G
Z, O
O, U
B, I
Y, A
J, H
K, F
T, S
Z, S
C, K
T, C
U, D
P, J
P, W
H, D
M, X
C, S
W, U
R, T
E, Z
N, S
Q, Y
I, U
I, J
W, L
X, U
K, F
P, B
D, Q
M, U
D, W
O, Z
U, C
C, I
Y, E
H, J
C, E
U, G
M, G
W, Q
D, D
O, B
W, K
W, X
D, J
V, Y
J, R
N, G
W, R
Q, Q
T, G
V, A
W, H
E, K
B, K
M, C
M, Q
X, M
C, T
X, X
T, F
I, I
Z, M
S, M
H, A
E, M
Q, I
A, P
J, Y
J, L
M, B
W, Y
R, H
Q, C
B, K
H, S
W, N
R, G
V, C
X, I
T, E
J, K
M, R
E, S
J, S
K, A
U, P
C, R
Q, I
Z, Y
T, T
I, D
L, D
W, C
Z, K
N, A
L, V
D, L
Z, C
F, Z
K, O
E, J
J, Y
Z, O
A, V
A, X
N, W
S, Q
L, K
J, O
N, T
C, E
L, E
P, O
J, V
R, L
H, Q
Y, W
Z, U
C, Q
Q, K
M, T
Y, C
L, P
A, H
K, F
L, J
F, M
D, Z
X, K
V, S
T, A
J, F
H, W
G, V
U, S
G, X
K, A
D, J
V, V
P, I
Y, Z
G, Z
F, Q
V, U
P, D
Q, Z
E, X
N, L
C, U
N, Q
U, V
Q, G
O, Y
F, C
L, Q
P, A
S, X
C, J
T, D
L, Q
J, G
X, H
N, G
U, U
U, R
H, Y
Q, Q
P, C
L, P
C, H
X, C
M, J
V, K
M, A
B, Y
B, R
J, I
X, V
E, A
E, O
P, A
Z, Z
M, P
O, E
T, Y
F, A
A, N
D, W
C, F
I, F
S, Y
G, M
Y, J
O, H
T, M
N, K
F, E
R, X
H, K
P, T
I, U
Y, M
W, L
T, V
Q, P
L, O
J, Q
B, E
A, N
P, H
V, Q
Z, J
A, E
I, U
J, B
R, J
U, D
I, A
I, M
U, X
O, K
P, N
C, H
P, W
W, B
X, K
T, I
I, F
U, M
Z, K
D, E
I, J
O, H
Q, W
Z, X
H, V
K, X
X, B
Q, B
C, U
S, H
T, K
O, I
P, K
S, L
W, Z
D, J
Q, A
B, A
C, I
R, L
E, E
X, J
X, Z
Y, W
G, U
C, Y
B, I
P, V
H, E
D, L
D, W
T, X
Z, K
L, D
N, P
R, Z
I, T
F, G
H, C
O, W
R, T
F, C
Z, B
A, F
V, E
C, F
P, N
W, T
I, L
E, N
X, F
J, Z
W, N
U, E
H, E
H, W
Q, D
W, T
G, X
E, A
R, L
G, Y
C, L
D, N
N, B
H, C
Q, T
K, H
K, P
N, M
L, R
Q, Y
F, B
A, G
B, C
F, Q
S, K
C, T
W, G
F, U
J, H
P, T
C, N
S, M
H, X
G, I
B, E
X, D
A, M
I, E
G, C
R, W
P, Z
P, M
G, C
V, O
Z, V
N, E
D, C
H, T
L, T
Z, G
M, J
A, J
S, X
U, W
X, P
C, R
S, A
Z, W
R, D
M, G
T, Z
J, T
F, Y
Q, Z
W, R
X, L
Y, N
G, R
X, K
K, Z
I, B
N, I
P, L
L, Z
U, H
Z, M
R, M
D, Z
Q, R
H, H
U, A
B, H
P, B
H, L
R, A
G, J
H, W
R, T
E, C
H, Z
F, P
C, F
M, J
V, Q
K, Z
C, G
H, I
O, R
I, P
R, F
D, O
H, C
O, Q
O, J
W, L
D, L
I, Y
S, M
L, K
K, A
O, Y
K, T
P, H
G, N
D, O
O, H
T, K
K, A
U, W
L, B
B, V
Q, I
C, H
M, I
B, T
R, T
B, F
D, T
M, F
R, W
H, I
Z, A
M, R
C, A
P, D
C, F
M, V
L, B
D, K
Z, V
V, O
V, R
W, Q
L, Q
E, V
R, E
T, O
M, H
R, Y
M, R
K, S
C, K
L, A
L, O
A, H
Q, X
Q, B
X, Z
M, S
H, Z
J, W
N, J
S, K
B, R
J, S
I, S
U, H
T, H
K, X
Q, J
M, R
O, Y
U, N
D, I
Y, J
Q, K
B, W
E, C
C, Y
M, T
Z, V
T, G
X, E
X, T
K, B
P, C
W, B
T, P
V, Y
I, S
J, Z
O, F
G, L
H, F
E, V
V, E
P, Q
R, F
V, X
J, K
O, B
E, S
X, Q
M, V
O, M
J, Q
O, D
B, L
J, B
C, U
H, D
F, P
I, F
Y, X
G, S
B, W
Z, B
O, W
Y, N
K, B
S, C
M, X
G, A
I, G
I, T
D, O
T, Y
R, W
G, B
Y, X
S, T
A, Z
Y, P
P, C
O, Y
H, B
A, N
Q, L
H, W
Z, A
B, U
V, N
W, R
T, O
B, T
S, L
L, D
L, X
Z, J
F, L
B, G
P, F
T, X
U, O
Z, A
S, V
B, D
E, B
J, R
G, H
P, M
D, B
G, O
M, T
J, X
F, S
Y, U
H, Q
N, G
S, N
B, X
S, Q
H, F
D, Z
F, T
F, J
V, D
Z, S
Q, L
C, M
A, H
J, V
C, H
P, M
W, K
B, F
E, L
B, H
O, J
A, P
X, X
X, V
P, T
I, V
L, L
S, T
B, C
K, S
R, W
Y, M
O, O
N, E
J, T
Y, D
A, U
Y, C
G, O
I, K
Q, J
R, U
V, P
D, O
I, G
E, M
L, M
Z, M
V, F
B, Y
H, P
I, B
E, T
H, W
D, Q
D, Q
B, C
B, R
W, P
B, S
B, S
G, G
R, W
J, S
P, J
C, L
N, G
I, J
V, K
Q, W
D, I
U, I
K, Q
M, Z
Q, E
B, Y
X, A
P, V
N, U
N, P
I, F
V, A
S, J
Z, C
C, Y
F, N
O, O
K, T
W, N
B, M
N, L
G, V
H, G
G, T
J, L
T, D
G, T
W, J
J, N
X, Q
P, L
K, O
V, D
N, U
K, P
D, G
H, I
C, K
Z, O
Q, U
X, W
A, D
G, O
Y, T
D, A
L, R
Z, D
W, X
X, J
K, O
S, D
X, X
P, Q
Z, B
T, J
L, K
L, V
H, M
D, E
T, X
Y, C
X, P
J, Q
J, L
N, P
Y, C
H, I
O, X
P, V
L, I
I, E
D, V
T, Z
F, N
O, Q
C, H
D, H
L, X
H, X
Z, T
Y, R
D, F
V, T
A, X
Y, O
U, A
V, A
F, Y
O, T
N, V
H, C
S, V
L, L
G, W
Z, T
D, J
C, U
S, I
N, H
Q, N
U, S
I, Y
L, Y
U, I
V, R
W, A
Q, A
D, J
Y, R
G, D
V, T
H, F
W, Y
W, T
A, B
O, F
E, K
G, J
P, Q
M, R
E, H
G, H
M, U
K, J
M, C
C, W
T, H
Z, I
R, D
M, I
C, S
S, U
M, U
M, K
G, H
N, X
U, B
U, G
I, K
L, K
X, G
S, I
V, I
K, O
E, F
Q, Y
P, I
P, A
S, U
C, S
X, T
O, R
N, J
F, E
N, W
F, U
X, I
F, T
Y, A
A, Y
C, K
M, E
H, F
U, G
H, D
U, R
D, T
H, C
B, S
T, K
A, V
P, D
T, U
F, P
I, I
N, A
H, F
G, R
M, H
C, Z
O, M
X, N
G, A
M, K
J, O
C, F
Z, K
G, J
O, Q
I, V
Z, C
E, W
M, G
D, Q
M, S
O, G
T, G
I, I
D, I
O, K
A, R
T, U
O, I
Q, I
S, N
W, Z
C, C
S, J
T, E
T, E
L, Z
B, L
E, U
M, T
O, K
H, L
H, X
R, N
P, J
Q, D
N, F
P, S
N, G
M, Y
Y, S
W, D
N, V
A, K
D, B
Z, I
E, S
N, I
B, M
E, J
O, F
Q, Y
H, V
W, P
H, Q
K, G
O, R
C, D
S, H
G, C
U, P
T, I
U, P
H, U
W, R
M, E
U, Z
C, U
D, E
W, I
X, B
N, L
R, I
N, D
O, J
K, M
I, N
N, W
V, Y
Y, V
S, V
O, M
U, R
O, L
J, A
J, M
R, S
F, O
Z, Y
J, E
T, A
L, N
A, I
C, J
G, X
P, A
H, M
B, S
G, Q
Z, V
W, Y
Z, Q
M, M
W, T
U, A
A, X
D, T
W, D
K, V
B, Q
B, C
O, Z
F, P
A, V
W, I
S, X
P, Y
N, Y
K, V
R, B
V, N
S, C
L, H
F, N
E, T
V, A
H, J
I, O
S, O
M, D
C, S
E, P
Z, T
U, F
J, C
S, G
V, Q
X, E
T, D
B, S
E, D
I, F
E, W
E, H
S, G
M, P
J, Q
L, Q
V, A
V, K
N, F
S, J
V, U
F, S
N, V
U, C
U, G
M, A
C, R
E, D
P, J
J, P
A, S
Q, W
A, K
I, Q
C, X
H, M
E, A
V, L
O, L
K, V
G, J
I, R
H, Z
W, T
X, N
K, U
Y, K
A, N
X, X
Z, Y
F, Z
T, D
I, Y
Z, I
T, U
L, E
A, D
W, H
C, G
F, C
G, R
V, J
M, I
M, R
S, X
R, V
S, T
C, D
T, D
U, X
V, S
L, K
B, M
T, P
F, P
T, J
I, V
P, T
X, Q
D, E
F, L
I, R
L, H
K, V
A, Y
K, E
R, V
M, C
R, C
W, U
A, I
O, J
L, M
Y, K
U, H
G, Q
P, U
L, J
M, I
N, J
U, Z
N, J
R, D
I, Y
P, F
V, S
L, B
H, D
M, J
X, R
G, I
H, V
O, E
J, A
I, Q
P, J
A, T
G, C
C, S
Q, L
H, Z
R, G
V, V
T, N
L, B
J, D
Z, Q
W, J
Z, C
Y, T
K, A
Y, G
Q, W
V, L
D, E
G, H
N, W
G, U
J, M
T, L
T, U
H, R
P, X
R, H
K, A
K, D
G, P
Z, I
F, A
I, B
H, S
V, P
Q, I
K, Y
A, I
J, L
M, T
F, S
R, G
A, W
Z, Q
O, I
F, Z
J, H
I, R
A, Q
E, J
L, Z
A, Z
O, M
G, X
D, P
W, C
F, Z
O, E
E, U
T, K
K, T
K, P
I, J
C, X
Y, T
I, N
K, W
M, M
V, L
Y, E
H, N
I, M
E, X
J, Q
Z, K
Q, Q
D, Q
Z, P
T, Y
I, G
O, M
C, J
T, W
R, O
W, W
E, J
W, E
Y, X
I, H
X, F
L, G
P, Z
U, Z
N, C
P, I
X, E
M, Z
A, A
R, W
Z, W
B, K
G, S
D, U
Q, N
A, M
S, H
K, V
T, J
S, N
Q, L
D, D
G, V
T, C
E, K
I, X
U, F
C, Q
B, X
M, G
G, H
L, U
S, O
P, T
D, H
F, J
J, H
Y, E
Q, M
L, H
T, S
D, H
J, Q
A, F
H, P
G, S
T, Z
K, Q
E, I
E, W
I, J
W, M
E, N
E, X
A, Y
I, I
F, H
U, U
Q, J
L, X
X, V
V, U
N, F
F, R
K, C
I, B
O, N
T, W
Z, B
O, G
G, T
R, Q
G, R
L, B
P, O
C, E
V, B
X, N
B, F
P, P
M, N
U, I
Q, F
D, C
F, O
F, M
O, P
W, C
X, U
F, U
P, L
A, T
P, M
E, N
N, Y
H, W
G, H
O, I
L, Z
Y, M
I, Z
M, E
B, L
H, Y
L, Q
O, E
U, T
F, N
I, N
C, H
P, O
E, E
T, U
W, P
E, Y
Z, Q
U, U
H, Y
M, W
H, D
I, J
T, L
L, K
K, T
K, Z
J, U
Z, T
A, S
F, S
H, J
I, U
I, O
F, F
N, W
C, G
I, M
S, M
Z, B
R, R
X, M
H, P
J, C
Q, H
J, Y
C, D
T, I
U, S
D, D
H, F
C, G
O, T
G, N
H, A
U, B
U, S
I, W
X, L
W, E
M, L
I, R
S, G
T, A
D, K
K, M
B, N
X, N
A, L
A, N
U, U
M, O
Q, T
O, Z
U, N
U, W
C, X
P, Z
T, T
L, H
L, W
T, Q
B, Q
I, N
S, V
L, A
O, A
V, A
F, L
G, F
R, I
L, R
U, O
J, W
W, D
U, F
E, A
P, V
U, O
Y, I
I, F
F, H
L, H
Y, F
J, D
X, L
V, J
L, T
T, J
L, K
F, J
V, C
E, X
S, D
T, D
M, P
T, I
E, Z
U, J
G, C
L, A
U, S
W, J
Y, V
L, W
H, Z
C, Q
K, M
Y, H
Q, I
D, G
O, D
E, S
T, B
U, W
R, J
K, E
E, Y
Z, T
V, E
W, C
E, M
H, Q
X, G
I, U
I, X
A, W
X, B
J, P
N, E
A, X
C, Z
C, M
Z, W
N, D
P, Q
I, M
X, D
R, J
P, S
M, T
W, F
F, D
Y, F
C, C
K, X
C, F
E, R
I, Z
R, N
P, W
T, D
K, R
P, Y
A, X
K, B
F, E
D, A
U, E
I, O
M, I
Q, V
P, L
F, Q
O, D
H, T
Y, I
X, G
U, M
O, R
R, I
N, B
J, Q
Z, D
F, L
C, O
H, W
H, L
Z, C
W, N
K, Y
Z, F
V, F
A, T
J, P
D, W
N, U
J, F
Y, N
J, C
E, Q
Q, V
T, D
Y, P
W, H
Y, Y
H, X
Z, X
M, D
Y, A
G, O
I, X
P, Y
B, K
D, V
T, U
Y, G
U, Q
K, F
V, B
Z, H
X, D
T, Y
D, L
R, T
A, D
I, C
Q, M
R, H
D, T
L, B
Z, X
I, H
Z, J
X, C
M, P
W, R
U, T
F, C
Z, P
P, J
W, R
V, Z
K, Q
W, H
S, H
G, N
K, V
Z, C
C, U
G, M
P, R
C, U
S, O
V, J
N, Y
J, P
P, U
Y, O
D, T
J, R
X, K
K, T
J, U
W, O
N, Y
V, Q
U, R
A, O
A, Y
C, X
U, S
W, G
V, I
Z, G
L, B
L, Z
G, U
F, U
O, I
K, J
V, V
W, I
Q, T
V, F
V, C
S, Q
I, M
E, J
G, S
J, U
X, T
Y, I
C, P
X, S
O, T
N, K
S, F
C, P
W, K
G, S
N, K
X, C
Y, V
X, H
O, C
Z, L
B, O
R, H
M, V
Z, G
F, Q
F, A
G, A
P, V
K, O
O, K
W, P
Q, X
Z, T
S, Z
U, G
J, X
Y, I
J, Y
D, W
Z, G
N, D
Z, U
N, M
I, U
P, S
S, Q
O, Z
M, O
B, Q
M, L
Y, E
O, O
B, J
W, D
R, B
S, O
Y, S
S, M
S, Y
Z, F
L, N
R, I
O, W
Y, D
O, R
I, A
P, S
J, D
Z, P
N, S
T, G
P, T
E, E
Q, M
D, C
Y, O
Y, K
K, S
D, I
C, J
S, W
M, E
K, F
Z, Q
I, T
N, A
P, Z
B, J
E, Z
N, A
K, A
X, O
W, Y
E, Q
E, F
I, W
X, P
O, X
S, W
E, D
V, A
B, N
Y, Y
U, I
H, J
E, N
X, M
P, Z
X, Y
Y, O
K, L
D, O
I, J
G, V
E, K
J, X
X, V
X, S
V, C
N, R
I, N
O, N
K, O
F, I
L, F
Y, L
L, C
A, C
O, P
H, Z
U, U
S, N
B, Y
H, P
X, O
Q, T
N, B
H, E
Z, B
V, W
T, N
E, J
S, X
C, Y
X, S
B, F
F, Q
A, X
F, R
Y, A
G, V
V, Z
Z, V
J, V
B, D
G, R
W, K
O, W
Q, F
W, T
H, R
K, K
H, X
V, M
P, Q
K, S
L, R
F, Q
C, X
M, E
I, Y
G, R
Y, K
N, H
O, C
D, V
W, Y
O, M
D, Z
M, C
F, V
E, T
U, G
P, L
D, P
B, Y
T, E
F, I
O, Y
I, Y
X, J
F, Q
K, D
H, B
E, F
R, L
W, B
G, N
O, D
Z, B
R, K
N, Q
E, Y
J, D
C, G
J, O
V, T
D, F
Q, O
B, Q
X, Y
Q, H
Q, L
T, R
P, I
Z, L
X, D
N, J
D, Q
E, Z
Z, W
J, A
U, D
L, S
O, F
K, V
J, Y
K, K
T, L
K, J
I, K
S, F
F, E
F, W
R, Q
X, O
T, K
Q, F
D, C
Q, H
V, U
Q, B
F, O
E, J
N, E
L, S
K, R
H, T
O, E
K, U
F, K
M, W
D, Y
I, Y
P, T
W, R
U, C
A, W
B, W
I, X
F, D
F, V
J, X
P, V
M, S
H, C
O, X
D, K
N, Q
E, O
M, Z
R, X
Z, R
D, L
T, D
J, J
E, A
R, V
Y, P
E, X
Z, Y
O, X
Z, X
B, D
H, K
D, Z
U, R
Z, I
S, Y
C, P
U, A
X, K
E, W
E, H
N, X
M, X
B, G
H, L
L, B
T, T
L, C
O, D
Z, Q
T, A
J, X
J, A
R, S
I, U
W, U
K, I
Y, S
O, M
G, X
X, C
R, I
N, C
V, U
C, B
J, E
U, U
W, A
A, U
W, Q
E, Q
W, L
W, U
C, D
S, F
T, C
C, Y
A, U
G, B
C, I
N, M
F, Z
P, E
H, R
W, B
E, A
E, F
D, O
Z, S
S, B
E, I
Z, E
Q, P
P, N
H, L
V, T
N, R
Z, G
T, B
B, I
T, Q
V, C
T, S
A, T
C, P
X, J
R, R
B, G
V, L
T, M
M, T
I, Z
E, P
B, J
M, M
Y, W
Z, M
X, L
D, T
K, A
D, I
Z, Q
K, A
U, R
E, P
E, C
K, D
I, A
K, H
Y, O
F, M
S, L
Y, E
Z, B
Y, B
I, M
H, G
Y, U
K, A
I, E
Q, R
L, D
D, H
S, U
W, J
Z, B
L, K
F, I
G, W
I, X
Z, U
O, P
I, F
D, I
Q, Z
F, P
G, V
M, M
A, N
C, T
Q, C
M, P
X, Y
G, L
U, U
H, D
W, B
G, Q
I, V
M, D
H, I
Z, P
N, V
Q, Y
P, D
T, T
F, U
H, U
K, V
A, G
D, A
Q, T
C, M
X, D
Q, O
P, T
C, H
H, S
L, E
D, Y
D, W
O, J
I, S
O, Q
Q, K
I, V
A, H
O, O
W, B
S, D
B, B
D, N
Y, G
T, Z
I, K
T, M
O, N
Q, K
E, V
V, L
C, X
G, G
Q, O
B, V
F, B
F, G
D, W
N, I
T, R
A, T
M, R
S, O
B, P
F, P
A, S
P, J
X, E
F, N
X, T
H, O
N, E
F, P
I, I
G, D
H, A
P, Q
N, K
E, B
U, T
W, F
O, T
V, R
X, V
J, B
Q, O
W, G
N, I
F, E
I, M
S, S
L, K
T, X
M, P
U, R
Y, C
C, A
A, B
A, H
A, L
S, Y
C, J
Q, Z
T, J
H, Q
H, A
D, D
L, Y
Z, X
D, Q
Y, U
W, Y
E, C
S, L
X, S
H, A
O, B
R, F
K, J
A, L
M, E
A, X
R, Y
W, S
S, F
G, R
Z, E
R, V
Z, B
O, W
O, S
U, S
T, H
C, J
V, O
J, X
S, O
I, Q
K, P
J, Z
T, D
R, X
R, K
Y, C
G, D
Y, Q
L, O
R, X
I, X
Z, D
I, Q
T, W
O, Z
U, V
K, V
W, Z
O, N
O, G
O, Y
T, R
U, M
I, V
J, Y
N, V
F, J
K, T
C, Q
L, V
X, E
A, U
N, C
D, B
Y, G
K, V
O, C
V, A
A, D
E, U
B, G
Y, K
J, K
S, H
K, F
L, P
M, P
B, M
A, I
A, S
W, J
O, C
R, Q
J, Z
M, A
B, M
X, M
O, C
S, S
X, L
T, G
Z, A
I, U
W, F
K, A
D, W
U, Y
L, N
M, S
K, Y
Q, B
P, S
M, X
H, E
H, I
C, E
V, F
M, A
U, U
X, U
B, E
I, R
V, F
L, S
X, C
D, T
Y, O
L, J
S, A
N, S
Q, C
M, H
O, K
B, G
Y, J
K, X
X, W
D, E
O, R
L, Z
J, G
B, U
E, K
O, G
D, D
S, A
B, U
C, R
P, A
W, D
X, W
U, E
M, M
C, K
Q, O
U, D
D, N
W, B
N, Z
O, G
T, V
J, F
G, B
L, W
U, A
R, Y
K, P
W, T
D, P
U, X
Q, T
E, P
H, U
L, A
B, C
X, D
Q, J
K, M
U, X
H, N
I, I
Y, N
K, W
R, S
Y, P
R, O
M, C
M, I
N, Q
G, G
H, H
N, I
X, X
O, J
H, V
N, K
G, L
R, T
X, D
U, H
R, J
O, I
U, P
E, S
W, Q
F, U
V, E
Q, M
G, M
H, O
N, D
P, G
Z, V
Z, A
E, Y
Y, L
Z, P
H, O
F, B
L, Z
P, M
K, D
E, J
U, B
W, H
O, G
U, Y
R, F
X, O
A, I
Q, H
L, F
Q, O
G, O
V, D
O, I
F, U
V, F
Q, Y
C, T
Z, H
M, C
V, F
L, E
E, F
C, G
I, P
P, K
F, C
C, S
L, T
J, P
J, O
H, W
M, U
N, I
M, Q
V, P
J, S
P, S
J, U
F, I
K, G
H, G
P, M
A, Y
G, S
L, U
K, I
J, M
S, X
C, G
F, J
Z, M
E, W
Q, P
V, V
Z, J
T, C
X, C
S, B
C, Y
L, H
W, H
X, F
I, N
G, C
B, R
U, Y
Y, E
O, Y
X, G
V, F
S, B
C, V
E, D
M, T
S, D
Y, G
A, W
T, N
A, N
B, D
B, E
D, W
V, O
H, G
E, C
G, Q
T, B
J, A
L, U
R, K
O, K
N, Z
Y, J
P, S
T, T
N, K
N, M
U, F
P, J
H, P
K, J
J, I
F, A
L, Q
D, W
U, T
Q, H
G, A
F, L
M, M
M, W
M, K
B, Y
X, X
H, B
M, K
Q, L
P, J
N, M
Y, W
M, J
F, X
E, Z
D, S
H, A
F, N
A, K
U, L
Q, H
B, N
D, L
M, T
A, U
S, O
B, Z
Y, J
R, L
S, G
D, X
C, J
K, B
H, Y
F, O
K, V
D, O
G, X
A, B
W, G
M, B
M, Z
Y, M
C, L
X, Q
Z, W
Y, G
O, X
V, I
R, N
R, V
P, R
U, U
G, V
L, H
Y, H
Z, Z
B, P
U, G
V, O
V, F
Y, M
D, C
O, J
T, K
I, C
E, M
Y, B
I, X
L, V
E, M
A, Y
D, G
W, M
Y, P
K, W
H, P
E, E
I, J
C, C
U, A
O, M
C, Z
V, Q
Z, A
E, D
Z, J
R, V
J, O
B, X
I, B
P, Z
P, V
E, E
K, Z
C, P
Q, N
V, H
B, P
G, Q
S, C
P, R
A, W
R, S
V, J
N, H
S, K
U, G
Z, I
I, G
D, E
C, P
D, C
L, D
B, U
R, P
S, L
D, Q
Y, O
P, Y
F, M
A, E
E, B
A, W
G, E
M, R
K, S
I, D
I, Z
K, I
X, O
S, A
U, Y
K, M
Z, D
W, G
P, Y
X, S
K, U
Q, S
U, J
A, M
V, N
F, I
R, T
N, N
X, Z
P, P
L, Y
U, L
S, O
O, T
B, I
K, Q
U, M
W, Y
X, P
G, I
P, L
H, Q
B, F
X, G
G, N
B, Y
L, K
L, Y
U, H
V, O
K, N
Y, U
Q, H
P, B
Z, F
R, H
D, G
Z, O
I, O
F, R
C, Q
Y, A
D, T
G, R
R, K
X, F
E, C
Y, I
O, O
B, Z
W, W
A, G
U, U
Y, Z
C, L
D, T
U, M
D, R
H, C
U, J
K, E
Y, S
X, Q
Z, T
Z, E
I, N
R, F
Z, T
J, I
K, T
C, N
V, F
E, Q
U, T
B, Z
F, R
X, M
U, S
Q, F
B, L
A, J
Z, Y
Q, K
V, Z
W, C
V, P
O, D
D, M
Z, S
I, Q
A, V
I, I
V, H
W, B
H, Z
D, G
J, D
I, K
B, N
B, I
H, A
Z, I
S, W
Y, P
W, J
C, G
I, X
E, F
U, G
H, V
O, O
W, V
O, P
R, H
O, H
X, T
B, X
K, R
G, B
B, Y
P, C
M, M
J, O
G, P
O, U
C, E
Q, O
W, Q
A, F
S, E
Y, W
N, Z
A, N
H, U
U, E
O, B
F, R
F, N
I, K
P, X
H, G
W, D
K, Q
M, Z
K, E
G, D
E, Q
D, R
D, B
Z, T
T, R
D, F
Y, O
Q, S
V, A
C, F
D, S
U, W
I, K
R, R
L, F
Q, F
J, W
W, R
M, Y
L, G
L, E
U, V
T, N
F, C
H, H
E, T
M, T
B, L
H, F
F, W
V, Z
H, M
L, D
U, Q
J, Z
O, Q
D, G
J, G
C, W
N, I
K, B
Y, C
X, G
G, Y
Y, W
O, Y
X, Q
Z, A
Y, I
R, O
O, A
F, C
H, T
G, U
P, Q
R, Y
O, J
J, Q
X, I
W, J
T, N
M, L
O, R
C, X
G, W
F, K
Z, B
R, Z
L, D
T, F
C, G
X, K
Z, Q
X, X
C, Y
P, C
G, P
T, Y
G, M
H, E
T, S
Y, M
Z, U
X, C
N, F
O, A
S, Y
T, O
E, T
Z, O
R, F
V, G
B, E
V, F
H, B
L, Q
A, S
S, J
T, T
V, L
R, V
E, J
E, A
E, V
K, C
E, B
K, L
S, E
S, S
W, N
X, P
Z, P
I, L
V, P
R, F
L, E
V, L
I, P
Y, U
V, F
H, U
M, C
P, U
D, B
T, N
W, O
K, Q
S, V
B, E
W, U
G, B
W, O
B, O
C, N
C, G
O, V
B, M
V, D
U, S
C, D
L, K
Q, C
T, L
R, Z
I, A
A, A
R, A
V, A
I, T
V, P
C, E
Y, C
U, O
J, U
T, P
S, Z
I, R
U, N
H, H
E, O
D, R
O, H
N, T
D, V
H, Q
B, J
B, L
A, P
A, G
G, I
I, J
N, N
K, O
G, D
H, F
I, R
J, V
U, J
B, S
Q, B
F, K
W, O
Q, U
A, Q
Q, Y
Y, E
B, G
B, D
K, V
D, O
N, A
Q, G
W, E
Y, M
Y, N
J, T
N, B
G, E
B, S
Q, H
E, O
R, S
K, E
G, K
S, J
S, N
F, I
U, C
W, V
H, Z
K, J
T, T
W, B
K, F
R, I
R, H
Y, X
A, C
J, K
H, H
O, V
N, X
U, T
J, O
N, E
Z, I
Z, M
V, B
R, A
R, B
W, G
X, F
T, J
V, G
I, S
K, F
D, C
C, P
N, S
U, O
P, F
P, Q
F, F
K, I
F, W
W, S
Y, X
P, N
T, I
K, M
N, K
O, W
X, A
E, V
Z, A
C, U
C, D
P, Y
G, J
M, S
G, H
Z, D
S, K
A, Q
F, J
U, D
B, I
B, D
N, U
H, O
F, K
M, V
P, T
K, E
S, Y
P, N
B, L
I, K
C, Y
S, W
H, N
K, T
V, Q
U, I
M, K
L, U
B, S
D, D
U, A
B, F
Z, N
F, K
W, C
W, A
E, L
I, T
C, E
F, X
J, V
N, E
O, M
W, L
O, X
Q, Z
V, H
Z, D
H, O
U, Z
U, I
G, W
X, T
N, K
F, Q
P, D
C, J
R, A
V, N
Z, P
B, H
O, Y
S, L
G, U
K, P
O, Y
K, Q
V, W
R, V
Q, T
T, R
T, W
C, N
D, U
P, Q
O, D
O, H
U, X
O, U
W, Y
X, C
V, U
F, U
U, L
O, Y
B, Q
A, O
E, Q
L, K
X, Q
E, F
O, Z
F, P
I, R
X, Q
X, N
R, O
A, V
H, A
I, K
R, Z
X, O
L, A
U, U
K, T
O, D
R, C
O, O
I, Q
Y, F
O, V
C, V
W, T
U, I
I, Y
D, V
U, S
D, P
U, W
H, X
W, V
E, T
A, R
N, P
X, K
Z, D
Z, K
F, C
F, P
V, V
A, Y
J, B
Q, C
Q, B
T, B
K, E
Q, F
P, L
K, D
S, F
H, A
M, L
H, E
S, L
D, K
W, R
P, I
O, C
W, S
V, X
Y, Z
O, Y
B, U
A, Y
R, G
Z, F
L, C
D, Y
J, Y
F, X
K, M
Y, M
F, Z
X, R
C, E
J, F
K, V
Z, I
M, O
Z, J
E, L
X, O
H, P
S, E
P, B
W, H
B, V
L, H
B, L
R, V
K, N
Y, X
T, M
N, X
B, V
Q, W
X, P
V, C
F, N
Z, E
O, T
M, T
P, G
L, V
W, O
W, W
E, R
I, A
F, T
Y, A
U, P
S, L
R, Z
L, S
K, Y
G, K
U, D
U, J
A, O
C, V
E, Q
I, E
Z, R
R, A
I, Z
Y, R
K, D
B, Q
Y, B
O, I
K, L
P, B
P, U
G, L
P, H
O, A
E, X
A, I
A, P
S, R
O, Z
P, R
N, H
D, W
I, T
N, Q
Q, H
L, O
L, V
X, S
L, J
E, X
K, K
F, T
R, A
Q, H
U, Z
B, Q
Z, M
N, J
D, Q
X, N
S, E
V, I
O, M
T, U
N, R
A, Q
R, U
J, S
W, R
W, T
K, S
I, L
A, R
E, X
E, T
W, G
E, N
L, K
D, V
P, E
G, Y
R, T
W, U
V, F
Y, O
X, O
C, K
G, R
X, E
T, S
Y, E
Y, K
Z, E
Y, F
S, I
P, R
C, W
Y, C
S, J
A, Q
N, Y
Y, O
A, I
M, R
V, F
F, Q
D, R
N, P
Y, C
M, M
B, N
S, P
G, A
V, F
H, I
L, I
I, C
S, J
X, V
M, V
N, G
L, W
B, Y
G, W
S, Q
C, Y
U, A
J, L
Q, Y
D, P
M, B
T, D
M, H
D, V
N, W
J, E
D, I
V, V
L, B
I, U
N, U
L, L
H, E
M, I
I, T
R, O
I, P
Z, U
I, S
P, E
D, Y
X, Z
V, L
I, D
W, W
B, U
J, F
Q, G
Y, D
W, W
V, U
W, B
A, I
A, F
Q, O
E, C
H, W
N, J
P, Z
M, M
W, Z
F, L
Q, L
Y, Q
D, A
J, N
T, E
J, F
Y, N
U, E
O, V
T, E
B, F
D, V
A, H
C, J
A, C
G, G
E, S
M, A
E, M
N, C
L, U
X, M
I, T
J, Q
M, J
W, Y
I, Q
N, U
R, L
X, O
S, K
O, E
L, D
M, B
R, F
U, S
Y, R
Z, Y
Y, I
E, O
O, P
T, W
Y, T
U, R
P, Q
G, O
G, E
Q, S
G, P
X, F
O, I
K, M
Q, T
W, F
V, H
Y, O
G, G
V, U
P, S
E, L
V, W
L, E
E, B
B, G
X, M
N, M
C, M
X, I
P, O
X, G
D, V
T, C
U, S
U, W
O, E
W, G
O, P
Y, X
N, N
O, J
F, T
S, J
N, E
Q, K
B, V
T, Z
T, F
H, H
X, Q
V, W
O, C
B, V
E, F
S, X
W, A
D, P
U, S
P, J
A, H
M, Q
T, F
P, F
A, K
M, F
P, C
Z, D
B, D
D, F
D, R
S, L
M, R
B, P
T, C
C, K
D, E
D, S
L, S
R, Y
T, Y
F, Q
S, A
O, L
I, N
R, L
W, V
U, C
T, H
C, H
U, R
Q, D
I, A
R, Z
D, H
D, V
P, S
J, Z
S, V
B, T
R, U
F, R
P, D
S, M
A, C
Z, D
H, L
J, I
J, H
Y, F
A, Y
X, U
A, Z
Y, K
J, E
G, M
B, P
B, S
Z, L
W, A
F, D
H, Q
X, I
G, W
V, R
Q, F
S, H
G, D
Q, X
K, M
X, Q
J, X
I, B
L, R
Z, J
L, E
G, M
C, V
G, L
C, O
T, U
N, B
A, X
U, O
C, K
T, C
E, N
O, N
V, R
L, D
A, S
Z, S
M, F
B, L
G, M
F, C
B, W
J, N
H, H
U, E
S, A
O, E
N, N
J, L
L, G
A, D
A, F
R, W
F, K
V, X
L, G
L, K
V, C
P, N
V, S
M, A
Z, K
L, I
I, P
T, U
B, P
R, D
G, A
R, P
O, Y
B, S
T, W
Q, H
A, G
Z, B
U, B
P, N
V, H
V, V
Y, K
P, Z
Q, Q
F, P
R, V
J, O
H, K
J, C
F, H
B, M
G, G
E, I
E, T
Z, R
P, P
X, Z
L, A
S, X
E, L
Z, R
A, M
N, V
O, E
C, B
E, R
A, U
Q, C
Y, Y
Y, U
G, R
T, O
P, X
U, L
D, C
Z, Z
T, N
Q, Z
Y, N
V, W
Z, Y
X, H
D, T
L, W
J, N
Y, O
L, N
L, A
E, V
G, B
M, M
C, V
V, J
C, P
C, Q
C, E
X, R
P, U
P, L
X, D
S, K
Y, R
W, R
B, B
J, S
G, U
U, L
J, B
X, Q
E, H
X, R
O, I
J, C
Y, P
W, R
Q, E
Q, X
Y, S
H, P
J, G
G, P
A, L
I, B
A, O
C, D
Z, J
T, V
K, O
D, N
O, U
F, N
N, N
P, W
D, G
M, Z
T, L
O, L
Q, B
H, F
V, P
T, S
J, T
P, V
Z, W
S, C
F, S
X, I
Z, B
G, O
C, I
V, A
E, X
H, H
D, D
C, I
A, F
H, A
O, K
B, T
M, X
T, U
D, G
N, T
Q, O
Y, S
W, M
O, C
C, H
N, Z
U, V
Q, X
Q, Y
O, Q
N, U
G, Z
K, Q
L, Y
J, I
X, C
I, G
I, R
C, P
S, R
B, R
M, J
S, J
S, J
B, C
R, B
V, N
U, U
F, I
K, S
D, N
G, J
B, M
B, P
Q, H
D, N
P, E
H, J
J, W
U, T
O, L
M, B
U, G
A, U
I, L
J, T
I, X
O, U
I, I
F, U
U, A
D, W
J, U
W, U
W, E
K, S
B, K
I, P
F, B
S, R
E, E
E, H
Z, U
L, W
S, M
K, T
P, K
C, E
S, C
J, Z
N, Y
N, N
K, B
T, Z
A, M
N, K
S, Z
D, W
E, P
Y, L
U, A
U, L
Z, K
G, E
V, B
S, X
B, N
F, T
M, F
I, P
K, T
B, O
Z, Q
J, G
N, I
D, O
T, N
W, J
T, Y
B, R
L, H
J, Q
I, D
F, W
C, Y
E, S
L, U
P, T
Z, R
Q, V
C, L
U, T
G, H
Q, T
M, A
W, O
J, E
B, M
S, R
B, W
P, K
G, B
I, Q
A, P
U, F
S, N
D, Q
F, W
W, A
W, W
U, T
N, S
K, M
H, X
V, I
E, G
X, Y
G, L
V, F
N, J
B, P
F, S
O, A
R, T
U, R
G, P
D, L
N, R
W, T
U, O
L, P
N, E
X, R
B, Z
I, P
D, M
H, L
D, J
A, C
S, P
T, J
G, G
X, V
Q, P
E, G
O, C
Z, Z
R, M
K, V
Y, O
Z, N
N, B
P, Y
E, D
V, A
F, X
A, R
K, L
C, X
N, Q
R, O
U, M
K, A
C, H
J, U
H, X
G, O
Y, Q
Q, C
N, B
M, K
T, W
Q, F
I, W
P, V
U, A
F, U
A, V
K, E
J, V
Y, Y
P, L
B, A
R, L
Z, R
K, C
A, Q
X, H
C, C
V, Z
F, H
V, O
C, P
X, P
U, M
N, A
U, T
L, O
H, D
N, O
Q, E
P, U
N, O
O, N
Q, D
N, R
Q, U
B, A
U, L
J, V
O, X
A, P
D, Y
D, W
T, J
W, Q
P, V
E, A
Z, O
A, Y
X, J
D, B
L, I
I, Y
L, L
S, R
D, H
P, U
C, R
V, O
H, P
P, Y
L, E
D, Y
I, P
L, V
W, X
G, T
G, D
V, J
H, M
V, I
U, D
V, D
V, J
V, S
A, T
B, K
Y, X
K, Y
L, F
D, W
M, E
E, O
I, S
U, A
C, N
Y, V
E, R
S, G
D, K
K, Y
Y, U
J, M
B, J
O, S
Y, C
O, Z
P, V
X, C
V, C
E, C
W, T
F, V
U, B
O, F
A, B
L, I
A, Y
G, S
Z, C
N, U
O, I
H, V
D, O
M, P
O, W
K, D
G, Y
T, K
T, Y
U, N
D, M
U, V
C, X
S, B
G, B
J, O
P, F
E, M
H, Z
U, S
L, N
W, G
W, D
N, K
H, O
B, L
F, O
Z, Z
X, Y
N, O
Z, I
F, X
U, Q
W, K
D, B
I, L
L, H
B, J
Q, J
J, K
F, E
V, P
O, I
T, C
M, S
S, R
P, X
C, C
C, U
Y, C
Z, A
I, H
Y, R
B, S
E, A
S, J
G, V
Y, S
C, E
A, C
D, L
I, U
O, W
B, E
K, V
X, C
C, F
S, E
W, Z
R, R
G, Q
Q, A
H, Y
M, T
S, V
M, O
Y, S
P, J
A, F
T, B
A, K
Y, Q
Z, U
A, R
P, A
J, Y
W, L
N, S
T, B
O, Q
X, Y
Z, I
P, X
Y, J
T, G
J, O
D, J
B, B
Z, O
P, Q
K, L
X, V
B, O
S, M
B, S
G, M
G, R
S, Y
R, O
H, P
Z, J
F, A
M, J
W, E
I, F
Q, V
B, F
J, G
X, E
C, N
E, B
E, Y
S, D
U, I
W, B
T, A
B, X
K, R
J, A
T, O
X, N
G, D
X, C
K, F
D, Y
H, R
Y, Y
L, T
Z, O
Z, L
W, W
C, P
P, L
E, B
Y, G
R, W
U, X
D, J
N, C
M, M
A, P
A, L
C, I
E, S
O, E
L, Y
C, U
S, E
J, X
U, N
X, S
R, O
L, U
N, F
J, O
C, P
I, T
R, M
S, C
O, B
B, Z
I, G
N, V
P, F
O, J
Y, N
P, X
U, H
Y, I
B, C
N, E
T, E
B, O
P, N
Q, V
F, R
E, G
H, M
H, F
D, T
N, C
K, Y
J, P
F, A
D, Q
A, A
F, B
Y, S
F, D
S, M
W, D
W, G
S, B
U, D
C, I
B, G
F, R
V, I
U, G
V, L
J, X
C, N
D, B
A, E
P, K
W, R
T, M
J, P
W, E
T, N
D, U
G, V
T, V
B, K
E, O
U, F
D, M
N, J
O, J
V, V
X, L
T, X
J, S
Y, C
N, K
J, H
H, T
G, R
L, L
Z, R
P, E
F, K
A, Q
J, L
D, E
D, W
D, H
D, F
K, D
V, I
R, S
G, D
R, W
Q, Y
N, M
Z, Y
Q, T
Y, D
G, I
V, C
P, R
G, F
I, G
D, Z
Z, Y
Z, E
J, B
N, F
G, F
V, V
G, C
V, W
N, K
J, S
J, M
S, X
O, G
I, L
P, X
U, G
U, X
Q, Y
J, G
J, M
W, K
Y, P
N, Z
B, F
H, C
I, J
N, X
O, Y
Y, X
H, C
I, T
P, I
Y, O
K, V
E, W
G, L
Z, D
J, S
Z, G
K, Y
H, Z
Y, Q
P, G
X, Y
V, H
I, I
S, B
O, F
U, F
Y, R
A, N
R, D
Y, V
X, D
D, J
O, C
Y, H
E, J
Z, H
X, L
X, U
G, V
Q, R
B, M
Q, E
Q, V
A, N
U, W
V, F
L, L
P, K
I, E
M, C
X, Q
B, T
S, V
V, Y
B, Y
J, Q
R, B
A, D
W, E
D, I
I, R
Y, D
A, H
Z, R
D, X
T, N
Q, C
Z, X
F, F
Q, J
E, U
E, S
P, E
S, W
U, I
S, Z
J, X
R, F
G, E
Q, U
L, S
E, N
P, A
J, M
S, X
V, U
F, F
L, N
Z, M
C, B
Z, B
E, P
U, D
N, E
W, J
C, M
E, C
Q, Y
Z, F
Z, R
Q, E
C, W
R, V
L, S
G, W
U, M
I, T
D, F
Z, F
R, D
Y, X
N, Q
T, H
Z, I
Z, W
O, S
R, R
W, E
Y, K
J, V
Q, Z
F, R
X, G
X, U
M, U
B, Q
N, H
R, M
C, G
M, I
W, Y
U, Q
I, A
R, F
K, K
B, U
R, F
V, M
J, B
S, U
B, I
O, U
Y, R
J, L
S, B
O, X
I, L
A, Y
C, S
P, F
I, O
J, E
M, A
D, G
L, E
A, Q
Q, C
S, C
H, Y
O, T
L, Y
K, N
Q, K
O, N
F, E
M, M
C, P
U, D
Q, R
A, Y
S, Z
N, M
O, J
V, Y
Y, R
X, S
I, C
C, U
I, E
Y, R
U, Q
E, D
B, D
B, V
U, M
J, Z
O, L
X, M
S, A
K, O
K, I
R, L
K, O
P, Y
X, C
V, K
J, R
A, W
A, K
J, S
M, A
T, Z
O, Q
Z, L
C, Q
Q, D
S, F
F, S
P, S
E, J
E, E
K, F
H, Z
W, P
X, Q
O, O
I, K
X, K
L, H
I, G
X, Y
T, H
G, B
X, P
K, Y
P, T
G, S
W, H
L, F
W, W
G, N
R, R
O, D
B, I
K, P
M, Y
Z, R
N, U
N, W
H, G
C, A
X, O
D, R
C, M
B, I
X, N
F, Q
U, J
M, P
W, D
G, B
H, L
H, Y
D, P
O, V
D, T
J, D
C, T
L, W
W, N
P, E
P, Q
V, Z
O, L
U, X
P, Y
G, J
H, G
I, K
C, F
O, J
X, H
E, V
E, R
D, W
F, L
E, K
R, A
G, L
P, N
S, U
K, V
V, A
U, Z
Q, S
X, O
H, T
Y, D
U, C
R, M
X, B
G, Z
H, V
B, F
U, V
Y, E
V, P
H, K
E, T
S, T
T, F
D, Z
Q, G
D, D
K, Z
F, W
F, F
G, M
B, R
R, L
L, Y
A, W
D, M
P, T
I, X
B, H
J, B
Y, E
G, P
U, V
E, A
H, X
U, B
O, L
Y, U
V, U
X, A
L, E
E, U
H, W
B, V
S, X
G, W
M, U
C, X
Q, R
I, G
C, U
P, W
Y, B
J, O
N, X
E, R
Q, I
W, B
E, P
U, P
R, K
T, H
G, N
T, Y
M, Q
L, U
B, E
D, C
B, N
Z, B
S, Z
O, U
T, B
X, Z
B, W
W, M
S, U
Y, P
J, P
Q, G
J, P
T, X
C, C
E, X
Y, T
G, O
E, A
W, D
C, E
R, R
G, W
J, Y
X, T
A, O
F, Z
H, L
X, A
N, N
N, P
I, H
A, E
W, P
J, N
J, P
W, E
R, M
Q, X
K, Q
F, Y
P, I
G, E
X, M
U, E
J, D
K, X
J, C
V, D
R, O
Y, D
H, B
Y, Y
T, F
D, I
T, S
K, L
M, S
E, K
V, S
R, Y
B, J
I, G
N, Q
O, C
F, C
R, T
B, H
N, W
S, E
V, C
W, C
V, U
J, H
R, W
S, N
W, O
N, Z
H, A
T, C
I, O
B, I
H, D
V, A
U, E
Y, X
M, Q
M, V
N, U
Y, Q
H, W
T, U
D, L
D, H
E, P
S, L
D, B
E, H
B, H
P, N
U, C
T, Y
X, O
W, W
C, W
L, V
K, P
Z, H
R, C
E, S
C, O
B, W
K, A
R, E
A, A
Y, T
O, F
K, W
A, Q
I, E
G, N
G, S
Y, O
E, K
V, E
U, T
B, L
N, L
V, T
Y, W
E, O
X, W
N, X
R, W
F, V
K, T
N, Q
W, Z
X, T
T, E
L, G
O, Z
C, Z
E, R
U, F
F, P
C, O
N, Z
J, E
T, S
B, M
S, T
Y, A
Y, M
K, Q
K, Q
J, P
A, X
N, C
R, G
U, Q
M, L
K, L
N, C
Z, K
W, Q
O, H
R, E
R, Z
V, D
K, J
Y, K
J, E
W, O
C, I
F, Q
P, X
E, I
P, R
Q, A
L, H
D, W
A, G
M, T
K, P
Z, B
L, Q
M, O
O, P
H, R
G, J
Q, O
K, B
N, U
U, W
C, M
H, L
Y, I
K, P
V, C
J, U
N, G
I, U
E, Q
U, W
I, E
V, Z
E, D
L, K
H, P
B, V
E, N
G, N
U, A
W, O
E, R
B, M
R, O
G, P
M, V
T, C
J, Z
G, D
Y, U
X, B
F, R
S, T
K, P
W, P
Q, A
Z, J
H, O
T, E
L, O
V, Z
L, O
N, M
S, A
D, M
K, Q
A, C
T, L
X, D
G, X
H, Z
D, P
B, M
R, Y
O, Y
V, J
H, B
D, U
D, X
P, L
M, I
L, E
Y, E
P, I
F, Q
R, L
A, M
M, K
O, R
I, P
P, I
C, V
G, F
A, V
Z, H
S, F
E, V
X, B
T, K
R, Y
Y, B
S, M
Y, Q
Q, M
E, U
N, O
G, J
I, R
O, E
P, H
R, J
S, I
K, Z
I, J
C, B
I, B
W, B
I, C
L, H
M, T
Q, J
D, L
N, T
T, C
U, L
J, H
U, O
F, H
X, F
I, M
N, F
D, F
C, U
R, G
Q, X
Z, L
A, M
N, E
X, B
U, M
M, A
V, L
I, B
E, L
H, I
R, Y
S, M
U, N
C, O
C, L
M, H
W, M
T, L
J, E
V, P
B, I
F, K
P, O
X, Q
L, Z
I, P
O, U
R, C
N, O
M, P
N, G
Y, S
E, S
O, K
N, X
E, H
H, Y
U, H
T, X
R, S
P, L
O, W
V, X
I, S
J, N
Y, T
V, B
D, L
P, T
P, X
V, V
V, H
O, Q
X, L
C, A
I, P
H, Z
Y, V
U, U
F, M
W, N
K, N
C, S
Q, F
N, T
W, C
C, G
Z, M
O, H
X, O
X, A
U, R
W, V
O, V
V, L
P, J
D, W
Y, P
F, U
C, V
I, N
T, T
M, T
T, R
F, R
A, T
D, G
P, A
Y, N
W, Z
H, Q
I, D
S, B
B, N
V, U
W, S
B, I
W, H
S, F
B, I
S, U
M, J
K, X
C, R
N, P
O, F
G, Q
S, Q
O, Z
Z, V
L, J
Y, L
G, Q
W, V
G, M
E, J
W, C
H, K
R, B
D, N
G, M
L, W
O, K
T, J
A, X
H, N
J, G
B, S
K, A
C, Z
M, Y
Q, F
N, V
X, K
G, Z
Z, A
R, O
D, Z
A, D
K, K
Y, N
C, Q
R, L
N, P
P, U
Y, O
O, B
M, G
T, X
W, Q
R, A
E, N
T, H
P, L
H, I
Y, C
S, V
T, N
X, D
M, L
X, A
Z, U
Y, Z
U, T
V, V
U, T
A, H
F, N
N, B
M, O
L, T
Z, F
G, K
T, L
V, C
S, P
Q, C
Y, F
V, W
Z, E
D, D
G, E
B, G
R, E
W, X
P, S
J, M
A, T
B, B
R, R
V, H
O, E
J, U
V, Q
B, M
Q, C
Q, D
T, O
M, P
T, M
T, Z
W, O
F, E
C, M
H, D
H, G
X, Q
F, K
C, V
B, F
J, L
R, F
M, D
K, S
E, Y
D, A
P, U
G, X
K, D
O, F
Y, P
A, M
P, A
C, G
I, U
Z, A
L, P
C, T
A, L
E, C
O, J
B, N
W, R
M, E
A, V
I, X
U, T
U, Z
C, E
V, Z
M, A
G, G
B, Z
V, T
H, U
X, E
D, Q
A, I
F, P
T, D
T, Y
S, P
H, V
U, M
E, Q
F, E
Q, J
C, X
M, C
M, V
S, A
Z, D
Y, V
J, O
C, A
C, O
C, Y
N, X
C, U
O, K
T, H
P, N
K, M
L, W
Z, R
D, M
Z, X
N, H
L, A
T, L
R, Z
Z, C
A, H
W, D
L, B
K, T
T, Y
T, Y
F, P
S, D
F, I
F, O
N, H
Y, B
E, F
Z, K
H, E
S, A
B, E
T, M
Y, D
A, X
A, F
F, B
A, N
G, H
S, K
G, C
A, N
O, U
Z, D
D, U
A, Y
W, J
T, Q
V, D
M, Y
T, P
N, U
S, T
Q, K
O, T
H, Z
Y, Y
W, O
M, G
G, B
X, V
Z, N
R, G
D, C
V, Y
C, C
W, I
R, O
J, G
N, T
Z, I
Z, E
G, W
A, J
I, G
K, A
I, Y
P, G
P, S
W, L
D, B
B, D
W, S
V, S
O, C
N, X
Q, N
P, T
Z, D
X, D
N, N
B, G
I, D
F, X
Q, F
I, Y
F, Z
A, H
E, C
U, Y
O, I
O, R
Y, Q
U, Z
I, A
R, X
C, A
M, E
B, L
A, C
O, N
L, A
S, T
E, Z
D, T
Y, L
J, D
R, G
N, J
M, L
T, F
V, X
X, T
I, S
Z, H
E, D
L, Z
W, H
V, A
Q, I
A, M
T, Q
F, T
M, D
G, O
K, M
K, E
Y, T
T, D
L, Y
K, Z
N, W
S, K
J, S
K, D
D, Z
Y, Q
L, Z
W, L
W, H
Q, M
V, R
P, Q
J, A
Z, C
N, N
M, H
D, G
W, V
H, H
K, T
J, D
C, C
U, L
G, T
J, J
O, E
Z, R
H, H
V, T
C, S
M, F
O, N
M, A
R, G
F, R
U, N
W, U
S, N
H, U
N, Z
K, W
A, W
V, Z
E, E
W, I
R, H
U, E
W, D
K, I
T, N
A, Y
M, C
S, W
K, Z
F, B
S, C
L, V
Q, X
B, C
H, Y
F, X
M, D
C, R
T, P
M, Q
K, U
C, Q
K, Y
T, Y
R, Q
T, B
N, C
Q, V
Q, V
I, J
A, D
F, L
F, N
S, A
X, O
R, V
N, A
D, M
T, S
M, Y
C, A
R, C
Q, Z
E, X
R, W
P, Z
G, M
D, F
I, F
L, K
W, X
A, U
O, R
S, J
J, W
N, A
Q, R
H, U
D, W
Z, E
V, K
A, Z
P, T
O, W
G, R
A, U
R, J
L, R
G, W
X, J
T, W
D, I
T, V
X, V
K, A
Y, F
J, Z
Y, Q
T, X
E, W
S, S
Q, W
P, H
W, N
F, A
X, T
P, V
V, I
F, D
J, B
M, J
U, O
K, H
S, G
R, Y
W, G
O, C
I, V
W, H
M, G
Z, M
V, P
L, Y
I, G
I, T
X, C
O, B
L, M
U, D
P, T
M, C
J, E
W, Q
T, V
M, F
J, D
U, L
T, Z
U, S
M, D
J, L
A, F
V, M
J, U
T, M
Z, T
M, S
F, M
H, F
A, E
L, V
V, N
I, L
E, B
O, I
U, S
N, Z
X, E
N, H
B, K
G, A
Q, J
F, M
B, V
F, I
S, Z
K, K
D, P
F, N
S, V
P, K
R, A
G, X
N, K
R, E
S, U
U, G
J, A
N, V
U, M
P, T
Y, I
W, L
G, A
E, R
I, L
T, N
U, K